-- phpMyAdmin SQL Dump
-- version 4.9.7
-- https://www.phpmyadmin.net/
--
-- Host: localhost:3306
-- Generation Time: Mar 29, 2022 at 07:15 PM
-- Server version: 10.2.43-MariaDB-cll-lve
-- PHP Version: 7.3.33

SET SQL_MODE = "NO_AUTO_VALUE_ON_ZERO";
SET AUTOCOMMIT = 0;
START TRANSACTION;
SET time_zone = "+00:00";


/*!40101 SET @OLD_CHARACTER_SET_CLIENT=@@CHARACTER_SET_CLIENT */;
/*!40101 SET @OLD_CHARACTER_SET_RESULTS=@@CHARACTER_SET_RESULTS */;
/*!40101 SET @OLD_COLLATION_CONNECTION=@@COLLATION_CONNECTION */;
/*!40101 SET NAMES utf8mb4 */;

--
-- Database: `quak3246_mentoring_qlp`
--

-- --------------------------------------------------------

--
-- Table structure for table `categories`
--

CREATE TABLE `categories` (
  `id` bigint(20) UNSIGNED NOT NULL,
  `pillar` enum('Personal Development','Career Preparation','Profession Insight','Social Relations','Financial Literacy') COLLATE utf8mb4_unicode_ci NOT NULL,
  `expertise` varchar(255) COLLATE utf8mb4_unicode_ci NOT NULL,
  `description` varchar(255) COLLATE utf8mb4_unicode_ci NOT NULL,
  `created_at` timestamp NULL DEFAULT NULL,
  `updated_at` timestamp NULL DEFAULT NULL
) ENGINE=InnoDB DEFAULT CHARSET=utf8mb4 COLLATE=utf8mb4_unicode_ci;

--
-- Dumping data for table `categories`
--

INSERT INTO `categories` (`id`, `pillar`, `expertise`, `description`, `created_at`, `updated_at`) VALUES
(1, 'Personal Development', 'Quarter Life Crisis Solving', 'Untuk kamu yang ingin menyelesaikan isu quarter life crisis yang dialami', NULL, NULL),
(2, 'Personal Development', 'Public Speaking', 'Untuk kamu yang ingin belajar berani berbicara di depan umum dan teknik-teknisnya', NULL, NULL),
(3, 'Personal Development', 'Time Management', 'Untuk kamu yang ingin belajar mengatur waktu dan belajar manajemen prioritas', NULL, NULL),
(4, 'Personal Development', 'Work-life Balance', 'Untuk kamu yang ingin mencapai wellbeing antara kehidupan dan pekerjaan', NULL, NULL),
(5, 'Career Preparation', 'CV / Resume Review', 'Konsultasikan CV mu dengan mentor pilihan!', NULL, NULL),
(6, 'Career Preparation', 'Mock Up Interview', 'Cari tahu bagaimana tips dan trik interview bersama mentor yang sudah berpengalaman!', NULL, NULL),
(7, 'Career Preparation', 'FGD Preparation', 'Ingin cari tahu lebih dalam terkait teknis focus group discussion?', NULL, NULL),
(8, 'Career Preparation', 'Personal & LinkedIn Branding', 'Untuk kamu yang sedang ingin belajar personal branding', NULL, NULL),
(9, 'Career Preparation', 'Value for Career (Ikigai)', 'Mencari reason for being di dalam hidup melalui pilihan pekerjaan yang sesuai dengan keinginanmu!', NULL, NULL),
(10, 'Career Preparation', 'Excel & G-Suite Management', 'Belajar lebih dalam lagi tentang operasional Microsoft Excel, Google Docs, Google Sheets, dan Google Slides', NULL, NULL),
(11, 'Profession Insight', 'Digital Marketing', 'Konsultasi terkait pengelolaan social media, strategi campaign, advertising dan lain-lain yang terkait digital marketing', NULL, NULL),
(12, 'Social Relations', 'Social Networking', 'Belajar cara membangun jejaring pertemanan dan relasional di masa universitasmu', NULL, NULL),
(13, 'Social Relations', 'Scholarship', 'Gali insight lebih dalam terkait pengalaman mentor dalam mendapatkan beasiswa', NULL, NULL),
(14, 'Social Relations', 'National Exposure', 'Belajar dari pengalaman mentor yang pernah mengikuti program exposure di tingkat nasional', NULL, NULL),
(15, 'Social Relations', 'International Exposure', 'Belajar dari pengalaman mentor yang pernah mengikuti program exposure di tingkat internasional', NULL, NULL),
(16, 'Social Relations', 'Conflic Resolutions for Romantic Relations', 'Untuk kamu yang sedang berada dalam konflik percintaan', NULL, NULL),
(17, 'Social Relations', 'Conflict Resolutions for Friendship / Parental Relations', 'Untuk kamu yang sedang berada dalam konflik dengan keluarga atau teman', NULL, NULL),
(18, 'Financial Literacy', 'Investing & Money Management', 'Konsultasi terkait dasar-dasar investasi dan manajemen keuangan yang relateable dengan pengalaman mentor', NULL, NULL),
(19, 'Financial Literacy', 'Business Proposal & Cases', 'Konsultasi terkait cara memulai bisnis, membuat business proposal & business cases', NULL, NULL);

-- --------------------------------------------------------

--
-- Table structure for table `expertises`
--

CREATE TABLE `expertises` (
  `id` bigint(20) UNSIGNED NOT NULL,
  `user_id` bigint(20) UNSIGNED NOT NULL,
  `category_id` bigint(20) UNSIGNED NOT NULL,
  `created_at` timestamp NULL DEFAULT NULL,
  `updated_at` timestamp NULL DEFAULT NULL
) ENGINE=InnoDB DEFAULT CHARSET=utf8mb4 COLLATE=utf8mb4_unicode_ci;

--
-- Dumping data for table `expertises`
--

INSERT INTO `expertises` (`id`, `user_id`, `category_id`, `created_at`, `updated_at`) VALUES
(257, 18, 2, '2021-11-24 05:31:48', '2021-11-24 05:31:48'),
(258, 18, 3, '2021-11-24 05:31:48', '2021-11-24 05:31:48'),
(259, 18, 16, '2021-11-24 05:31:48', '2021-11-24 05:31:48'),
(331, 7, 2, '2021-11-24 06:08:15', '2021-11-24 06:08:15'),
(332, 7, 3, '2021-11-24 06:08:15', '2021-11-24 06:08:15'),
(333, 7, 4, '2021-11-24 06:08:15', '2021-11-24 06:08:15'),
(415, 20, 4, '2021-11-24 07:32:54', '2021-11-24 07:32:54'),
(416, 20, 7, '2021-11-24 07:32:54', '2021-11-24 07:32:54'),
(431, 13, 16, '2021-11-24 08:03:14', '2021-11-24 08:03:14'),
(432, 13, 17, '2021-11-24 08:03:14', '2021-11-24 08:03:14'),
(452, 28, 1, '2021-11-24 08:18:01', '2021-11-24 08:18:01'),
(453, 28, 12, '2021-11-24 08:18:01', '2021-11-24 08:18:01'),
(454, 28, 18, '2021-11-24 08:18:01', '2021-11-24 08:18:01'),
(468, 30, 1, '2021-11-24 08:37:00', '2021-11-24 08:37:00'),
(469, 30, 3, '2021-11-24 08:37:00', '2021-11-24 08:37:00'),
(470, 30, 4, '2021-11-24 08:37:00', '2021-11-24 08:37:00'),
(471, 30, 13, '2021-11-24 08:37:00', '2021-11-24 08:37:00'),
(529, 29, 1, '2021-11-24 09:16:43', '2021-11-24 09:16:43'),
(530, 29, 16, '2021-11-24 09:16:43', '2021-11-24 09:16:43'),
(531, 29, 17, '2021-11-24 09:16:43', '2021-11-24 09:16:43'),
(532, 31, 1, '2021-11-24 09:20:33', '2021-11-24 09:20:33'),
(533, 31, 2, '2021-11-24 09:20:33', '2021-11-24 09:20:33'),
(534, 31, 17, '2021-11-24 09:20:33', '2021-11-24 09:20:33'),
(578, 35, 3, '2021-11-24 18:44:39', '2021-11-24 18:44:39'),
(579, 35, 16, '2021-11-24 18:44:39', '2021-11-24 18:44:39'),
(580, 35, 18, '2021-11-24 18:44:39', '2021-11-24 18:44:39'),
(594, 11, 1, '2021-11-24 19:29:48', '2021-11-24 19:29:48'),
(595, 11, 9, '2021-11-24 19:29:48', '2021-11-24 19:29:48'),
(596, 11, 14, '2021-11-24 19:29:48', '2021-11-24 19:29:48'),
(597, 11, 19, '2021-11-24 19:29:48', '2021-11-24 19:29:48'),
(637, 12, 2, '2021-11-25 09:29:01', '2021-11-25 09:29:01'),
(638, 12, 12, '2021-11-25 09:29:01', '2021-11-25 09:29:01'),
(639, 12, 18, '2021-11-25 09:29:01', '2021-11-25 09:29:01'),
(643, 37, 5, '2021-11-25 19:30:48', '2021-11-25 19:30:48'),
(644, 37, 6, '2021-11-25 19:30:48', '2021-11-25 19:30:48'),
(645, 37, 14, '2021-11-25 19:30:48', '2021-11-25 19:30:48'),
(678, 1002, 13, '2021-11-26 03:26:22', '2021-11-26 03:26:22'),
(679, 1002, 16, '2021-11-26 03:26:22', '2021-11-26 03:26:22'),
(680, 1002, 17, '2021-11-26 03:26:22', '2021-11-26 03:26:22'),
(746, 1003, 1, '2021-11-26 09:35:09', '2021-11-26 09:35:09'),
(747, 1003, 2, '2021-11-26 09:35:09', '2021-11-26 09:35:09'),
(748, 1003, 3, '2021-11-26 09:35:09', '2021-11-26 09:35:09'),
(749, 1003, 16, '2021-11-26 09:35:09', '2021-11-26 09:35:09'),
(794, 1006, 17, '2021-11-27 03:43:06', '2021-11-27 03:43:06'),
(819, 1010, 12, '2021-11-27 20:40:21', '2021-11-27 20:40:21'),
(820, 1010, 16, '2021-11-27 20:40:21', '2021-11-27 20:40:21'),
(821, 1010, 17, '2021-11-27 20:40:21', '2021-11-27 20:40:21'),
(825, 36, 1, '2021-11-28 19:10:28', '2021-11-28 19:10:28'),
(826, 36, 2, '2021-11-28 19:10:28', '2021-11-28 19:10:28'),
(827, 36, 3, '2021-11-28 19:10:28', '2021-11-28 19:10:28'),
(890, 23, 4, '2021-11-29 09:07:59', '2021-11-29 09:07:59'),
(891, 23, 5, '2021-11-29 09:07:59', '2021-11-29 09:07:59'),
(892, 23, 7, '2021-11-29 09:07:59', '2021-11-29 09:07:59'),
(893, 23, 8, '2021-11-29 09:07:59', '2021-11-29 09:07:59'),
(894, 23, 12, '2021-11-29 09:07:59', '2021-11-29 09:07:59'),
(895, 23, 15, '2021-11-29 09:07:59', '2021-11-29 09:07:59'),
(913, 1011, 1, '2021-11-29 20:06:03', '2021-11-29 20:06:03'),
(914, 1011, 2, '2021-11-29 20:06:03', '2021-11-29 20:06:03'),
(915, 1011, 3, '2021-11-29 20:06:03', '2021-11-29 20:06:03'),
(916, 1011, 8, '2021-11-29 20:06:03', '2021-11-29 20:06:03'),
(920, 21, 2, '2021-11-30 04:17:16', '2021-11-30 04:17:16'),
(921, 21, 12, '2021-11-30 04:17:16', '2021-11-30 04:17:16'),
(922, 21, 17, '2021-11-30 04:17:16', '2021-11-30 04:17:16'),
(934, 1001, 1, '2021-12-01 01:21:15', '2021-12-01 01:21:15'),
(935, 1001, 4, '2021-12-01 01:21:15', '2021-12-01 01:21:15'),
(936, 1001, 8, '2021-12-01 01:21:15', '2021-12-01 01:21:15'),
(937, 1001, 12, '2021-12-01 01:21:15', '2021-12-01 01:21:15'),
(954, 34, 5, '2021-12-01 09:10:50', '2021-12-01 09:10:50'),
(955, 34, 6, '2021-12-01 09:10:50', '2021-12-01 09:10:50'),
(956, 10, 16, '2021-12-09 23:06:29', '2021-12-09 23:06:29'),
(957, 10, 17, '2021-12-09 23:06:29', '2021-12-09 23:06:29'),
(978, 25, 5, '2021-12-11 05:34:01', '2021-12-11 05:34:01'),
(979, 25, 6, '2021-12-11 05:34:01', '2021-12-11 05:34:01'),
(980, 25, 12, '2021-12-11 05:34:01', '2021-12-11 05:34:01'),
(981, 25, 15, '2021-12-11 05:34:01', '2021-12-11 05:34:01'),
(990, 19, 1, '2021-12-11 20:43:44', '2021-12-11 20:43:44'),
(991, 19, 4, '2021-12-11 20:43:44', '2021-12-11 20:43:44'),
(992, 19, 16, '2021-12-11 20:43:44', '2021-12-11 20:43:44'),
(993, 19, 17, '2021-12-11 20:43:44', '2021-12-11 20:43:44'),
(994, 19, 18, '2021-12-11 20:43:44', '2021-12-11 20:43:44'),
(995, 6, 3, '2021-12-11 20:52:25', '2021-12-11 20:52:25'),
(996, 6, 4, '2021-12-11 20:52:25', '2021-12-11 20:52:25'),
(997, 6, 19, '2021-12-11 20:52:25', '2021-12-11 20:52:25'),
(1006, 24, 3, '2021-12-13 01:49:36', '2021-12-13 01:49:36'),
(1007, 24, 16, '2021-12-13 01:49:36', '2021-12-13 01:49:36'),
(1008, 24, 17, '2021-12-13 01:49:36', '2021-12-13 01:49:36'),
(1009, 14, 1, '2021-12-14 06:56:29', '2021-12-14 06:56:29'),
(1010, 14, 3, '2021-12-14 06:56:29', '2021-12-14 06:56:29'),
(1015, 1005, 5, '2021-12-14 08:22:23', '2021-12-14 08:22:23'),
(1016, 1005, 7, '2021-12-14 08:22:23', '2021-12-14 08:22:23'),
(1017, 1005, 14, '2021-12-14 08:22:23', '2021-12-14 08:22:23'),
(1018, 1005, 19, '2021-12-14 08:22:23', '2021-12-14 08:22:23'),
(1073, 22, 1, '2021-12-17 20:49:18', '2021-12-17 20:49:18'),
(1074, 22, 3, '2021-12-17 20:49:18', '2021-12-17 20:49:18'),
(1075, 22, 13, '2021-12-17 20:49:18', '2021-12-17 20:49:18'),
(1076, 22, 15, '2021-12-17 20:49:18', '2021-12-17 20:49:18'),
(1088, 16, 1, '2021-12-21 05:11:57', '2021-12-21 05:11:57'),
(1089, 16, 2, '2021-12-21 05:11:57', '2021-12-21 05:11:57'),
(1090, 16, 3, '2021-12-21 05:11:57', '2021-12-21 05:11:57'),
(1103, 1012, 1, '2021-12-22 03:41:48', '2021-12-22 03:41:48'),
(1104, 1012, 4, '2021-12-22 03:41:48', '2021-12-22 03:41:48'),
(1105, 1012, 5, '2021-12-22 03:41:48', '2021-12-22 03:41:48'),
(1106, 1012, 6, '2021-12-22 03:41:48', '2021-12-22 03:41:48'),
(1107, 1012, 10, '2021-12-22 03:41:48', '2021-12-22 03:41:48'),
(1108, 1012, 12, '2021-12-22 03:41:48', '2021-12-22 03:41:48'),
(1109, 1012, 13, '2021-12-22 03:41:48', '2021-12-22 03:41:48'),
(1110, 1012, 14, '2021-12-22 03:41:48', '2021-12-22 03:41:48'),
(1111, 1012, 15, '2021-12-22 03:41:48', '2021-12-22 03:41:48'),
(1159, 32, 3, '2022-01-02 16:07:13', '2022-01-02 16:07:13'),
(1160, 32, 16, '2022-01-02 16:07:13', '2022-01-02 16:07:13'),
(1161, 32, 17, '2022-01-02 16:07:13', '2022-01-02 16:07:13'),
(1183, 1014, 2, '2022-01-12 03:41:18', '2022-01-12 03:41:18'),
(1184, 1014, 6, '2022-01-12 03:41:18', '2022-01-12 03:41:18'),
(1185, 1014, 7, '2022-01-12 03:41:18', '2022-01-12 03:41:18'),
(1186, 1014, 13, '2022-01-12 03:41:18', '2022-01-12 03:41:18'),
(1187, 1014, 14, '2022-01-12 03:41:18', '2022-01-12 03:41:18'),
(1188, 1014, 15, '2022-01-12 03:41:18', '2022-01-12 03:41:18'),
(1195, 1004, 10, '2022-01-12 06:46:56', '2022-01-12 06:46:56'),
(1223, 1013, 2, '2022-01-19 00:13:54', '2022-01-19 00:13:54'),
(1224, 1013, 8, '2022-01-19 00:13:54', '2022-01-19 00:13:54'),
(1225, 1013, 12, '2022-01-19 00:13:54', '2022-01-19 00:13:54'),
(1243, 4, 1, '2022-01-31 06:50:27', '2022-01-31 06:50:27'),
(1244, 4, 5, '2022-01-31 06:50:27', '2022-01-31 06:50:27'),
(1245, 4, 9, '2022-01-31 06:50:27', '2022-01-31 06:50:27'),
(1246, 4, 13, '2022-01-31 06:50:27', '2022-01-31 06:50:27'),
(1247, 15, 2, '2022-02-01 03:28:59', '2022-02-01 03:28:59'),
(1248, 15, 16, '2022-02-01 03:28:59', '2022-02-01 03:28:59'),
(1249, 15, 17, '2022-02-01 03:28:59', '2022-02-01 03:28:59'),
(1250, 33, 2, '2022-02-01 03:29:10', '2022-02-01 03:29:10'),
(1251, 33, 6, '2022-02-01 03:29:10', '2022-02-01 03:29:10'),
(1252, 33, 8, '2022-02-01 03:29:10', '2022-02-01 03:29:10'),
(1253, 5, 3, '2022-02-01 09:27:08', '2022-02-01 09:27:08'),
(1254, 5, 4, '2022-02-01 09:27:08', '2022-02-01 09:27:08'),
(1255, 5, 5, '2022-02-01 09:27:08', '2022-02-01 09:27:08'),
(1256, 5, 7, '2022-02-01 09:27:08', '2022-02-01 09:27:08'),
(1257, 5, 17, '2022-02-01 09:27:08', '2022-02-01 09:27:08'),
(1261, 17, 3, '2022-02-12 02:08:09', '2022-02-12 02:08:09'),
(1262, 17, 4, '2022-02-12 02:08:09', '2022-02-12 02:08:09'),
(1263, 17, 9, '2022-02-12 02:08:09', '2022-02-12 02:08:09'),
(1264, 26, 1, '2022-02-13 21:15:43', '2022-02-13 21:15:43'),
(1265, 26, 12, '2022-02-13 21:15:43', '2022-02-13 21:15:43'),
(1266, 26, 16, '2022-02-13 21:15:43', '2022-02-13 21:15:43'),
(1274, 1015, 1, '2022-03-13 06:58:46', '2022-03-13 06:58:46'),
(1287, 1016, 1, '2022-03-13 19:52:50', '2022-03-13 19:52:50'),
(1288, 1016, 5, '2022-03-13 19:52:50', '2022-03-13 19:52:50'),
(1289, 1016, 11, '2022-03-13 19:52:50', '2022-03-13 19:52:50');

-- --------------------------------------------------------

--
-- Table structure for table `failed_jobs`
--

CREATE TABLE `failed_jobs` (
  `id` bigint(20) UNSIGNED NOT NULL,
  `uuid` varchar(255) COLLATE utf8mb4_unicode_ci NOT NULL,
  `connection` text COLLATE utf8mb4_unicode_ci NOT NULL,
  `queue` text COLLATE utf8mb4_unicode_ci NOT NULL,
  `payload` longtext COLLATE utf8mb4_unicode_ci NOT NULL,
  `exception` longtext COLLATE utf8mb4_unicode_ci NOT NULL,
  `failed_at` timestamp NOT NULL DEFAULT current_timestamp()
) ENGINE=InnoDB DEFAULT CHARSET=utf8mb4 COLLATE=utf8mb4_unicode_ci;

-- --------------------------------------------------------

--
-- Table structure for table `faq`
--

CREATE TABLE `faq` (
  `id` int(20) NOT NULL,
  `question` text NOT NULL,
  `answer` text NOT NULL
) ENGINE=InnoDB DEFAULT CHARSET=latin1;

-- --------------------------------------------------------

--
-- Table structure for table `migrations`
--

CREATE TABLE `migrations` (
  `id` int(10) UNSIGNED NOT NULL,
  `migration` varchar(255) COLLATE utf8mb4_unicode_ci NOT NULL,
  `batch` int(11) NOT NULL
) ENGINE=InnoDB DEFAULT CHARSET=utf8mb4 COLLATE=utf8mb4_unicode_ci;

--
-- Dumping data for table `migrations`
--

INSERT INTO `migrations` (`id`, `migration`, `batch`) VALUES
(7, '2014_10_12_000000_create_users_table', 1),
(8, '2014_10_12_100000_create_password_resets_table', 1),
(9, '2019_08_19_000000_create_failed_jobs_table', 1),
(10, '2019_12_14_000001_create_personal_access_tokens_table', 1),
(11, '2021_11_20_141104_create_categories_table', 1),
(12, '2021_11_20_141132_create_expertises_table', 1);

-- --------------------------------------------------------

--
-- Table structure for table `password_resets`
--

CREATE TABLE `password_resets` (
  `email` varchar(255) COLLATE utf8mb4_unicode_ci NOT NULL,
  `token` varchar(255) COLLATE utf8mb4_unicode_ci NOT NULL,
  `created_at` timestamp NULL DEFAULT NULL
) ENGINE=InnoDB DEFAULT CHARSET=utf8mb4 COLLATE=utf8mb4_unicode_ci;

-- --------------------------------------------------------

--
-- Table structure for table `personal_access_tokens`
--

CREATE TABLE `personal_access_tokens` (
  `id` bigint(20) UNSIGNED NOT NULL,
  `tokenable_type` varchar(255) COLLATE utf8mb4_unicode_ci NOT NULL,
  `tokenable_id` bigint(20) UNSIGNED NOT NULL,
  `name` varchar(255) COLLATE utf8mb4_unicode_ci NOT NULL,
  `token` varchar(64) COLLATE utf8mb4_unicode_ci NOT NULL,
  `abilities` text COLLATE utf8mb4_unicode_ci DEFAULT NULL,
  `last_used_at` timestamp NULL DEFAULT NULL,
  `created_at` timestamp NULL DEFAULT NULL,
  `updated_at` timestamp NULL DEFAULT NULL
) ENGINE=InnoDB DEFAULT CHARSET=utf8mb4 COLLATE=utf8mb4_unicode_ci;

-- --------------------------------------------------------

--
-- Table structure for table `testimonials`
--

CREATE TABLE `testimonials` (
  `id` bigint(20) NOT NULL,
  `namamentee` varchar(255) COLLATE utf8mb4_unicode_ci NOT NULL,
  `user_id` bigint(20) NOT NULL,
  `expertise` varchar(255) COLLATE utf8mb4_unicode_ci NOT NULL,
  `email` varchar(255) COLLATE utf8mb4_unicode_ci NOT NULL,
  `nilai1` int(11) NOT NULL,
  `nilai2` int(11) NOT NULL,
  `alasan_consulting` text COLLATE utf8mb4_unicode_ci NOT NULL,
  `datetime_consulting` datetime NOT NULL,
  `feedback` text COLLATE utf8mb4_unicode_ci NOT NULL,
  `ingin_diikuti_lagi` varchar(255) COLLATE utf8mb4_unicode_ci NOT NULL,
  `updated_at` timestamp NOT NULL DEFAULT current_timestamp() ON UPDATE current_timestamp(),
  `created_at` timestamp NULL DEFAULT NULL,
  `durasi` int(11) NOT NULL,
  `jeniskelamin` varchar(255) COLLATE utf8mb4_unicode_ci NOT NULL
) ENGINE=InnoDB DEFAULT CHARSET=utf8mb4 COLLATE=utf8mb4_unicode_ci;

-- --------------------------------------------------------

--
-- Table structure for table `users`
--

CREATE TABLE `users` (
  `id` bigint(20) UNSIGNED NOT NULL,
  `name` varchar(255) COLLATE utf8mb4_unicode_ci NOT NULL,
  `email` varchar(255) COLLATE utf8mb4_unicode_ci NOT NULL,
  `email_verified_at` timestamp NULL DEFAULT NULL,
  `password` varchar(255) COLLATE utf8mb4_unicode_ci DEFAULT NULL,
  `profile_picture` varchar(255) COLLATE utf8mb4_unicode_ci DEFAULT NULL,
  `session_hour` varchar(255) COLLATE utf8mb4_unicode_ci DEFAULT NULL,
  `linkedin` varchar(255) COLLATE utf8mb4_unicode_ci DEFAULT NULL,
  `total_client` int(11) DEFAULT NULL,
  `rating` varchar(255) COLLATE utf8mb4_unicode_ci DEFAULT NULL,
  `description` varchar(255) COLLATE utf8mb4_unicode_ci DEFAULT NULL,
  `profile` text COLLATE utf8mb4_unicode_ci DEFAULT NULL,
  `education_background` text COLLATE utf8mb4_unicode_ci DEFAULT NULL,
  `job_background` text COLLATE utf8mb4_unicode_ci DEFAULT NULL,
  `award` text COLLATE utf8mb4_unicode_ci DEFAULT NULL,
  `one_on_one_link` varchar(255) COLLATE utf8mb4_unicode_ci DEFAULT NULL,
  `one_to_many_link` varchar(255) COLLATE utf8mb4_unicode_ci DEFAULT NULL,
  `remember_token` varchar(100) COLLATE utf8mb4_unicode_ci DEFAULT NULL,
  `created_at` timestamp NULL DEFAULT NULL,
  `updated_at` timestamp NULL DEFAULT NULL
) ENGINE=InnoDB DEFAULT CHARSET=utf8mb4 COLLATE=utf8mb4_unicode_ci;

--
-- Dumping data for table `users`
--

INSERT INTO `users` (`id`, `name`, `email`, `email_verified_at`, `password`, `profile_picture`, `session_hour`, `linkedin`, `total_client`, `rating`, `description`, `profile`, `education_background`, `job_background`, `award`, `one_on_one_link`, `one_to_many_link`, `remember_token`, `created_at`, `updated_at`) VALUES
(3, 'Shanandra Allysa S', 'shanandraa89@gmail.com', NULL, '$2y$10$pb4C.6TsHUb0Ff7t.ZRYMerrezB4CTcb8m9oY1aMOsd0Jn.pB9TDq', NULL, '0', NULL, 0, '-', NULL, NULL, NULL, NULL, NULL, NULL, NULL, NULL, '2021-11-24 00:12:58', '2021-11-24 00:12:58'),
(4, 'Ridha Fachrizal', 'ridha.fachrizal@gmail.com', NULL, '$2y$10$e63A.wCOZGNs3dOstOIT0OBn8wdm7v4yr1CoCqfjfUKdz5aBTHH.a', '1637756986.jpg', '6.5', 'https://www.linkedin.com/in/ridha-fachrizal/', 5, NULL, 'Education Consultant | Education & Career Guidance Enthusiast', '<span lang=\"EN-US\">An education consultant at Schoters with more than seven years of experience in the education sector as a teacher, education\r\nconsultant, vice principal, head of learning house, and volunteer teacher.&nbsp;</span><span>Have a special interest in Career Education, Guidance, and Development for adolescents and young adults.</span>', '<p><b>Bachelor of Humanities (07/2014—07/2018)<br></b><i>Universitas Indonesia<br></i>Majored in Arabic Studies with an interest in education in Arab countries. Graduated with cum laude degree.&nbsp; Research grant recipient from International Index Publication for Student Thesis Grant (Hibah PITTA) 2018, Universitas Indonesia. Awarded a full scholarship from Bright Scholarship, Baitul Maal Bank Rakyat Indonesia Foundation, and partial scholarship from Cendekia Scholarship, National Zakat Agency (BAZNAS). Former Head of Student Regeneration and Characters Development Department, Student Council of the Faculty of Humanities.</p>', '<div>\r\n\r\n\r\n \r\n  \r\n  <p><b>Education Consultant&nbsp;(11/2020—Present)<br></b><i>PT\r\n  Partner Impian Milenial (Schoters)<br></i>Guide\r\n  the students in choosing study programs, universities, and scholarships.\r\n  Assist them in writing essays by developing their interests, motivations as\r\n  well as goals and preparing the documents needed. Obtain a 99.09% of\r\n  satisfaction rate from the students. Help the students (undergraduate and master\'s degree) to get scholarships and universities in United Kingdom, Netherlands, Japan, Belgium, Turkey, and Taiwan, so far.<br><b>&nbsp;<br></b><b>Class Coordinator of Data Science Class\r\n  (07/2020—01/2021)<br></b><i>PT\r\n  Rakamin Kolektif Madani (Rakamin Academy)<br></i>Ensured\r\n  the teaching material suitable with the curriculum for people who seek to\r\n  change careers (beginner to intermediate level). Facilitated and evaluated\r\n  the teaching-learning process. Obtained satisfaction rate in the ratio 90—95%\r\n  and managed to help the students get 84.8 out of 100 on average.<br>&nbsp;&nbsp;&nbsp;&nbsp;&nbsp;&nbsp;&nbsp;&nbsp;&nbsp;&nbsp;&nbsp;<br><b>Vice Principal of Student Affairs and\r\n  Indonesian Language Teacher&nbsp;(07/2018—07/2020)<br></b><i>SMK\r\n  Galang Farmasia (Vocational High School)<br></i><b>As Vice Principal of Student Affairs<br></b>Designed\r\n  programs, such as extra- and co-curricular activities as well as career and\r\n  job preparation training programs, to support the curriculum and the school\r\n  vision. Prepared and administrated documents for the school accreditation in\r\n  the standard of graduate competencies. Succeeded to help 10% of student\r\n  admitted to the state university in Indonesia and 90% of student got their\r\n  jobs after graduate. Increased 9 points on the school accreditation.<br><b>As Indonesian Language Teacher<br></b>Designed\r\nthe learning activities that suitable for the curriculum and the school vision.\r\nFacilitated and evaluated the teaching-learning process. Obtained to increase\r\nthe school’s national examination score from 68.4 (2018) to 79.75 (2019) on\r\naverage. Awarded as The Best Teacher of The Year 2019 from the school.</p>\r\n  \r\n  <p><o:p></o:p></p>\r\n  \r\n  \r\n  \r\n  <p><o:p></o:p></p>\r\n  <p><o:p></o:p></p>\r\n  \r\n  \r\n  <p><o:p></o:p></p>\r\n  \r\n  \r\n \r\n\r\n\r\n</div>\r\n\r\n<div>\r\n  \r\n \r\n\r\n\r\n</div>', '<p><b>The Best Teacher of The Year (07/2019)<br></b>Awarded\r\n  by the Principal of SMK Galang Farmasia in the annual end-year teacher meeting.<br></p><span><b>Cum Laude (08/2018)<br></b></span><p>Awarded by Universitas Indonesia for completion of the Undergraduate Program with GPA 3.59 out of 4.00.</p><p><b>Research Grant Recipient (01/2018—08/2018)<br></b>Received\r\n  a research grant called International Index Publication for Student Thesis\r\n  Grant (Hibah PITTA) 2018, Universitas Indonesia with the proposal titled “Traces\r\n  of The Turkish Empire in The History of Islamic Culture: Seljuk Sultanate,\r\n  Mamluk Sultanate, and Ottoman Empire”.<br>&nbsp;<br><b>Cendekia Scholarship (03/2018—09/2018)<br></b>Awarded\r\n  a national-scale partially-funded scholarship for a semester from National\r\n  Zakat Agency (BAZNAS). Aimed to help senior undergraduate students that had been\r\n  writing thesis by giving monthly allowance.<br>&nbsp;<br><b>Bright Scholarship&nbsp;(08/2016—07/2018)<br></b>Awarded\r\n  a national-scale fully-funded scholarship for two years from Baitul Maal Bank\r\n  Rakyat Indonesia Foundation. Aimed to build social-Islamic activists by making\r\n  some social activities.</p>\r\n  <p><o:p></o:p></p>\r\n  \r\n  \r\n  <p><o:p></o:p></p>\r\n  \r\n  \r\n  <p><o:p></o:p></p>\r\n  \r\n  \r\n  <p><o:p></o:p></p>', 'https://calendly.com/ridha-fachrizal/mentoring-quarter-life-projects', NULL, NULL, '2021-11-24 00:15:39', '2022-01-31 06:50:27'),
(5, 'Yodhita Maureen Romindo', 'Yodhita@gmail.com', NULL, '$2y$10$NQeqJFFUDggP68ZpSYmPlOxE0ZsAfscTYCaDS15JzTXLA5W1nRzf2', '1637782343.jpg', '8', 'https://www.linkedin.com/in/yodhita', 10, NULL, NULL, 'Yodhita adalah lulusan Ilmu Ekonomi dari Universitas Gadjah Mada, dimana Ia lulus dengan predikat Cum Laude (sangat memuaskan). Pada saat masa kuliah, Yodhita aktif mengikuti berbagai kegiatan organisasi dan melakukan magang di beberapa perusahaan. Saat ini, Yodhita bekerja sebagai Associate di PwC.&nbsp;', 'Sarjana Ekonomi jurusan Ilmu Ekonomi, Universitas Gadjah Mada (2016 - 2020)', '<ul><li><span style=\"font-size: 0.9rem;\">Cyber &amp; Forensics Associate, PwC (2021 - saat ini)</span></li><li><span style=\"font-size: 0.9rem;\">Business Development Intern, Shopee (Juni - Oktober 2020)</span></li><li><span style=\"font-size: 0.9rem;\">Kalibrr Youth Ambassador, Kalibrr (April - September 2019)</span></li><li><span style=\"font-size: 0.9rem;\">Investment Banking Intern, Mandiri Sekuritas (Januari - Februari 2019)</span></li></ul>', NULL, 'https://calendly.com/yodhita/mentoring-qlp', NULL, NULL, '2021-11-24 00:45:34', '2022-02-01 09:27:08'),
(6, 'Zulaekha Amalia', 'zulaekhaamalia@gmail.com', NULL, '$2y$10$vFCqePjCEFex/LPvx8ewZOZtF9ehochg1OLOs9igb89qvhXodxP0a', '1637983520.jpg', '0.30', 'https://www.linkedin.com/in/zulaekhaamalia/', 1, '4.8', 'Teman Sharingmu, Mari Bertukar Cerita!', '<span>Zulaekha, seorang individu pekerja cerdas dan berprestasi. Ia memiliki ketertarikan dalam&nbsp;</span>menulis, penelitian, dan menganalisis. Ia berkuliah di jurusan Ilmu Hubungan Internasional, dengan konsentrasi studi Politik dan Keamanan Internasional. Akan tetapi, Ia juga memiliki minat dan pengalaman dalam konsepsi strategi dan pengembangan bisnis. Ia berhasil mendapatkan IPK memuaskan di saat bersamaan dengan aktif dalam berbagai organisasi dalam dan luar kampus, mendirikan NGO, magang di dua tempat, serta mendapatkan beasiswa nasional.', NULL, '<ul><li>Founder &amp; CEO of Benah Benih | May 2021- Present</li><li>Corporate Strategy Intern at TaniHub (Magang Kampus Merdeka Program) | Sept 2021-Present</li><li>Business Development Intern at HiPajak | Jul 2021 - Oct 2021</li><li>Research Assistant at UNPAR | Aug 2020 - Present</li></ul>', '<ul><li>\r\n		\r\n	\r\n	\r\n		<div title=\"Page 2\">\r\n			<div>\r\n				<div>\r\n					<p>Scholarship Awardee, Djarum Beasiswa Plus by Djarum Foundation Aug 2021&nbsp;<br><span style=\"font-size: 0.9rem;\">Selected as one of the top 500 awardees from 15,000+ applicants of university student across Indonesia</span></p></div></div></div></li><li><p><span style=\"font-size: 0.9rem;\">Second Winner Paper Competition in Bandung Conference for IR Scholars (BCIS) </span><span style=\"font-size: 0.9rem;\">Dec 2020\r\nSecond Winner in national paper competition and published in Jurnal Sentris, Universitas Katolik Parahyangan&nbsp;</span></p></li><li><p><span style=\"font-size: 0.9rem;\">Second Winner Rocketeer Case Competition by AIESEC IPB </span><span style=\"font-size: 0.9rem;\">Aug 2021\r\nSecond Winner in national agriculture business case competition in collaborate case with TaniHub Group</span></p></li></ul>', 'https://calendly.com/zulaekhaamalia/mentoring-quarter-life-projects', NULL, NULL, '2021-11-24 01:05:03', '2021-12-11 20:52:25'),
(7, 'Viranty Yulia Putri', 'virantyputri4@gmail.com', NULL, '$2y$10$tqu4hyPknfUoy3ZSNCKFj.Ll2L1WP6jfqOnolUhK9zysY5Df3fV42', '1637758932.jpg', '1', 'https://www.linkedin.com/in/viranty-yulia-putri-01a059217', 1, '5', 'Sharing Is Caring', 'Halo semuanya! Nama saya Viranty Yulia Putri yang bisa dipanggil Vira atau Viranty, seorang mahasiswa jurusan Hubungan Internasional, Binus University. Saya berumur 18 tahun yang senang mengeksplor segala kegiatan yang baru. Aktif dalam organisasi, kepanitiaan dan volunteer. Saya juga ketua angkatan di jurusan dan senang menulis, karena saya penulis novel juga seorang grapich designer. Saya dikenal memiliki topic of interest yang banyak sekali, jadi jangan sungkan membahas hal random karena akan satu frekuensi dengan saya.<br><br>Expertise :<br><br>&nbsp;&nbsp;&nbsp; Microsoft Word, Excel, Power Point<br>&nbsp;&nbsp;&nbsp; Canva<br>&nbsp;&nbsp;&nbsp; Kinemaster, inshot<br>&nbsp;&nbsp;&nbsp; Ibist Paint x, Sketchbook, Infinite Design<br><br>Personal Skills :<br><br>&nbsp;&nbsp;&nbsp; Creative<br>&nbsp;&nbsp;&nbsp; Organization<br>&nbsp;&nbsp;&nbsp; Team Play<br>&nbsp;&nbsp;&nbsp; Leadership<br><br>Technichal Skills :<br><br>&nbsp;&nbsp;&nbsp; Public Speaking<br>&nbsp;&nbsp;&nbsp; Networking<br>&nbsp;&nbsp;&nbsp; Confident<br>', 'TK Bakti Indria<br>&nbsp;&nbsp;&nbsp; SDN Joglo 05 Pagi<br>&nbsp;&nbsp;&nbsp; SMPN 215 Jakarta<br>&nbsp;&nbsp;&nbsp; SMA 101 Jakarta<br>&nbsp;&nbsp;&nbsp; Binus University (saat ini)', 'Sekretaris - 7 bulan<br>&nbsp;&nbsp;&nbsp; Editor Naskah - 10 bulan<br>&nbsp;&nbsp;&nbsp; Pj Event - 2 bulan<br>&nbsp;&nbsp;&nbsp; Proofreader - 8 bulan<br>&nbsp;&nbsp;&nbsp; Design Feed - 5 bulan<br>&nbsp;&nbsp;&nbsp; Design Cover - saat ini<br>&nbsp;&nbsp;&nbsp; Ilustrator - saat ini<br>&nbsp;&nbsp;&nbsp; Editor Consouler Binus University - 4 bulan<br>&nbsp;&nbsp;&nbsp; Mentor Quarter Life Project - saat ini', 'Juara 1 lomba Puisi SDN Joglo 05 Pagi<br>&nbsp;&nbsp;&nbsp; O2SN Cabang Karate Kata Putri Juara 2<br>&nbsp;&nbsp;&nbsp; Dojo Tiga Rambu Karate Kata Putri Juara 3 Tahun 2016<br>&nbsp;&nbsp;&nbsp; Dojo Tiga Rambu Karate Kata Putri Juara 3 Tahun 2017<br>&nbsp;&nbsp;&nbsp; Pertandingan Persahabatan Karate Kata Putri Juara 1 Tahun 2018<br>&nbsp;&nbsp;&nbsp; Naskah Treasurme juara 1 dalam event #7Hari7Bab<br>&nbsp;&nbsp;&nbsp; Tiga buah novel karya sendiri<br>&nbsp;&nbsp;&nbsp; Founder GoldAsh Universe Station', 'https://calendly.com/virantyputrimentoring/consulting-pd-viranty', NULL, NULL, '2021-11-24 01:07:19', '2021-11-24 06:08:15'),
(9, 'Quarter Life Projects', 'quarterians@gmail.com', NULL, '$2y$10$o3Wp0bmmxUOQnlZa68UINeNBlWVrcc1DmJnjJ0oKXaOJ3EswF8xUu', NULL, '0', NULL, 0, '-', NULL, NULL, NULL, NULL, NULL, NULL, NULL, NULL, '2021-11-24 01:53:59', '2021-11-24 01:53:59'),
(10, 'Eva Irvana', 'evairvana3102@gmail.com', NULL, '$2y$10$H/G1npCxWa.ks4Plccyqu.Lpqe1ABjfP1NSRFsfHRjS1aZi/zH4kS', '1637983933.jpg', '0', NULL, 0, NULL, 'It\'s okay not to be okay, yuk cerita biar ngga sendirian.', '<font style=\"vertical-align: inherit;\"><font style=\"vertical-align: inherit;\">Mahasiswa Psikologi Universitas Sumatera Utara, memiliki nilai akademik yang cukup baik dengan IPK (3,75), aktif dalam organisasi seperti volunteer, memiliki banyak pengalaman dalam bidang romantic relations, friendship or parental relations, mampu berdiskusi&nbsp; untuk menemukan jalan keluar serta memberikan solusi dan saran yang sesuai, memiliki tanggung jawab, dan dapat&nbsp; menyimpan kerahasiaan data yang diberikan</font></font>', '<font style=\"vertical-align: inherit;\"><font style=\"vertical-align: inherit;\">Universitas Sumatera Utara - Psikologi</font></font>', '<p><span style=\"font-size: 0.9rem;\"><font style=\"vertical-align: inherit;\"><font style=\"vertical-align: inherit;\">Volunteer Bersama Perempuan - Penulis Konten (2021)</font></font></span></p><p><span style=\"font-size: 0.9rem;\"><font style=\"vertical-align: inherit;\"><font style=\"vertical-align: inherit;\">Relawan Omah Jiwa - Creative Event (2021)</font></font></span></p><p><p><font style=\"vertical-align: inherit;\"><font style=\"vertical-align: inherit;\"><font style=\"vertical-align: inherit;\"><font style=\"vertical-align: inherit;\">Volunteer Ctrl+N - Admin Bot (2021)</font></font></font></font></p></p>', NULL, 'https://calendly.com/evairvana3102/mentoring-quarter-life-projects-1', NULL, NULL, '2021-11-24 02:12:15', '2021-11-26 20:32:13'),
(11, 'Marcel Siswanto', 'marcelsisto@gmail.com', NULL, '$2y$10$in.uY/hESSOVyVeHaXJ5AO7nLKbI4iAZjIi5mIM7RUBkJnLu/M4Ti', '1637748891.jpg', '0', 'https://www.linkedin.com/in/marcelsiswanto/', 0, '-', 'XL Axiata Future Leaders Batch 10 | College Life Optimization Advisor', '<span>Studied as Actuarial and Applied Mathematics Student with extra leadership activities in Universitas Pelita Harapan, Marcel has proven his life principles named VASA (Value, Awareness, Solution, and Action) have given a change for him and surrounding.&nbsp;</span><span>Marcel has now become XL Axiata Future Leaders Batch 10 Awardee with acceptance rate 0.46%, which is a prestigious global leadership program by PT XL Axiata Tbk.</span><span><br></span><br><span>Starting from his desire to make an impact at the age of 17, Marcel is committed to joining several volunteer activities and non-profit organizations. In addition to his awareness of global issues, he is also active in implementing his knowledge through internships.</span><br><br><span>Marcel proved that he could apply the \"walk the talk\" principle to his life. He was named the 2030 Community of Practice (CoP) Youth and SDGs through his actions in voicing the voices of young people about the environment issues in Indonesia. He motivates, encourages, and empowers fellow young people to start a small action.</span><br><br><span>Marcel also had the opportunity to become a servant leader through his position as Vice President of Majelis Perwakilan Mahasiswa Universitas Pelita Harapan 2021/2022. He is also active in off-campus activities by becoming the Director of Research and Development at IYOIN LC Jakarta. The opportunity to lead makes him a person who is more willing to learn, share, and influence. Marcel has a high desire to cultivate leadership potential in the people he leads with a standard of excellence.</span>', '<h5><b>Universitas Pelita Harapan</b></h5><h6><i>Candidate for Bachelor of Actuarial and Applied Mathematics, Business Mathematics</i></h6><ul><li><b>Courses:</b> Financial Mathematics, Scientific Software, Leadership &amp; Entrepreneurship, Elementary Statistics, Algorithm and Programming, etc<br></li><li><b>Activities:</b> Vice President of Student Representative Board at UPH, Head of Computational Science Club at UPH, Director of Research and Development at IYOIN LC Jakarta, Speaker of \"Life at Math UPH\" Talk Show by Infinitics 5, etc</li><li dir=\"ltr\" aria-level=\"1\"><p dir=\"ltr\" role=\"presentation\"><b>Certifications: </b>A10 Financial Mathematics by Society of Actuaries of Indonesia (score: 96.67), Data Science in Finance: Credit Risk Analysis by DQLab, Project Data Analysis for B2B Retail: Customer Analytics Report, etc</p></li></ul>', '<h5><b>Data Science Trainer Assistant</b></h5><h6><i>Xeratic | Jul 2020</i></h6><h6><i><br></i></h6><h5><b>Research/Content</b></h5><h6><i>Ayo Ke Taman | Jul 2020 - Sep 2020</i></h6><h6><i><br></i></h6><h5><b>Algorithm and Programming Assistant Lecturer</b></h5><h6><i>Universitas Pelita Harapan | Aug 2021 - Present</i></h6>', '<span>● UPH Gold Academic Achievement Scholarship</span><br><span>● XL Axiata Future Leaders Batch 10 Awardee</span><br><span>● Winner of Startup Weekend Competition Batch II</span><br><span>● 2nd Runner Up of SISEC 2021: Business Case Competition \"Environment Potential Optimization\"</span><br><span>● Top 5 of Collegacy Business Case Competition</span><br><span>● 1st Runner Up of Essay Competition by Kejar Mimpi</span><p>● 1st Runner Up of Most Outstanding Student<br>● 1st Runner Up of Bahasa Indonesia Debate Competition<br>● 2nd Runner Up of Industrial Engineering Competition<br></p>', 'https://calendly.com/marcelsiswanto/mentoring-quarter-life-projects', NULL, NULL, '2021-11-24 02:25:01', '2021-11-24 19:29:48'),
(12, 'Sadrakh Calvin Howard, S. I. Kom, QWP', 'sadrakhhoward@gmail.com', NULL, '$2y$10$xkAG4/O9t2MQDdK/MAfHU.P3SRl8POdnui0ti9B8OoJshEPFzjS7.', '1637746319.jpg', '2', NULL, 2, '4.7', 'Growing is an Obligation', 'A young entrepreneur who learns about financial literacy, entrepreneurship and the art of communication. Seeking to help the public in developing their skills, especially in those 3 fields.&nbsp;', 'Bachelor of Arts in Communication ( Marketing Communication ) in Institute of Business and Communication LSPR', 'Entrepreneur, Investor &amp; Trader, Financial Planner, Wealth Planner and Risk Manager', 'Certified as Qualified Wealth Planner<p><br></p>', 'https://calendly.com/sadrakh17', NULL, NULL, '2021-11-24 02:30:09', '2021-11-25 09:29:01'),
(13, 'Dian Klarensia Najogi Marbun', 'dianklarensia.27@gmail.com', NULL, '$2y$10$MX0fXRvWR6pslSndobg5be6ke8gDI3/e3fShkougEmp9DNcTdb3Zm', '1637765082.jpg', '0', 'https://www.linkedin.com/Dian-Klarensia', 0, '-', 'Passionate in clinical psychology, caring, and cheerful!', 'Conscientious and hardworking person focused on achieving good results in working environments\r\nthat demand continuous improvement. Experience in content writing on social media, e.g: Instagram \r\nand Twitter on a community. Passionate about clinical psychology, especially in counseling.<br>', '5th Semester Psychology Undergraduate Student at Diponegoro University', 'Social Media Marketing Intern at\r\nForensic Psychology for Youth in Indonesia (FPYI), Mentor at Seribu Manfaat ID, &amp; Peer Counselor at \'Kita Teman Cerita\' in Student \r\nExecutive Board Faculty of Psychology Diponegoro University', 'Awarded as ‘The Best Performer-Group’ at Seribu Manfaat ID<br>', 'https://calendly.com/dianklarensia-27/mentoring-quarter-life-projects', NULL, NULL, '2021-11-24 02:30:16', '2021-11-24 07:54:18'),
(14, 'Diva Arini', 'divaarini02@gmail.com', NULL, '$2y$10$wFBJgIGnVMwdYxMsqycFDelasUaI1hpjNpv1HdHpWZuEd7yVIDxmu', '1637766673.jpg', '2', 'https://www.linkedin.com/in/diva-arini-b146641a8/', 2, '4.4', 'I\'m willing to listen and i\'m all ears :)', 'Halo semua! Perkenalkan, nama saya Diva, Saat ini saya merupakan mahasiswi Sastra Prancis di UGM. Selain berkuliah, saya juga aktif di dalam volunteer mengajar bahasa Prancis dan menjadi anggota humas dalam organisasi di jurusan saya.', '<ul><li>SMA N 1 Salatiga (2017-2020)</li><li>Sastra Prancis, Universitas Gadjah Mada (2020 - sekarang)</li></ul>', '<ul><li>Tutor bahasa Prancis di Indonesian Language Buddy</li><li>Tutor bahasa Inggris di English Course</li></ul>', NULL, 'https://calendly.com/divarini/mentoring-with-diva', NULL, NULL, '2021-11-24 02:55:43', '2021-12-14 06:56:29'),
(15, 'Talitha Kirana, S.H.', 'talissakirana@gmail.com', NULL, '$2y$10$.42sbhrO6ShEo5MUZAgEmug5qpXifsD.0eBV26OvSCDk9xPKGF9YS', '1637810189.jpg', '3.75', 'https://www.linkedin.com/in/talithakirana/', 7, NULL, 'I am a great listener and would be honor to help you!', 'Hi! I am Talitha, I am a very sociable person who loves to interact with new people.&nbsp;I am very compassionate, great at listening, and analysis. I also has a critical thinking skill which will be very useful to help you solve your problems.&nbsp;<p><span style=\"font-size: 0.9rem;\">To date, My experiences have been extremely rewarding for myself also the others, I am mastering in my expertises for this Mentoring session, which are Public Speaking, Conflict resolution for romantic relations, friendship relations, and parental relations.&nbsp;</span></p><p><span style=\"font-size: 0.9rem;\">Therefore, I would be very Happy to Listen, and Help you!, don\'t worry it will be confidential and safe.&nbsp;</span><br></p>', '<h5><span style=\"font-size: 1.125rem;\">Universitas Islam Indonesia&nbsp;</span><span style=\"font-size: 1.125rem;\">- Yogyakarta, Indonesia&nbsp;</span><br></h5><h6>2017 - 2021 | Faculty of Law, International Undergraduate Program</h6><h6><ul><li>Activities : Juridical Council of International Program, Lembaga Eksekutif Mahasiswa, Komisi Pemilihan Umum Mahasiswa, Secretary of Student Orientation Universitas Islam Indonesia, Outbond Facilitator by H-Read (Gerakan Kepanduan UII)</li></ul></h6><h5>T.C ROBERSON HIGH SCHOOL&nbsp;- Asheville, North Carolina&nbsp;</h5><h6>Class of 2017 | High School Diploma or Equivalent</h6><h6>Enrol as an Exchange Student from Indonesia to the United States of America Academic Year Program 2016/2017</h6><h6><ul><li>Activities :&nbsp;Track &amp; Field (Discus and Shot-put Thrower), Basketball Manager, Empowerment Club, and Choir.&nbsp;</li><li>Awardee : Honour Student Society, Outstanding Student on Choir, and Academic Achievements.&nbsp;</li></ul></h6><p></p><p></p><p></p><p></p><p></p><p></p><p></p><p></p>', '<ol><li>Founder&nbsp;-&nbsp;<i>Project Women Indonesia</i>, September 2021 - Present.</li><li>United Nation Volunteer&nbsp;on&nbsp;<i>Raising Awareness on UN Volunteer Vacancies</i>, November 2021 - Present.</li><li>Legal Intern&nbsp;-&nbsp;<i>Public Notary Office Mira Sukoco, S.H., M.Kn</i>., January 2020 - February 2021.</li></ol><p></p><p></p><p></p><p></p><p></p><p></p>', '<ul><li><b>Cumlaude Graduate</b>, Awarded by Universitas Islam Indonesia, 2021.</li><li><b>Best Research Presentation</b>, Awarded by International Program Universitas Islam Indonesia, 2018.&nbsp;</li><li><b>Best Student</b>,&nbsp;Awarded by International Program Universitas Islam Indonesia, 2018.</li></ul><p></p><p></p><p></p><p></p><p></p><p></p><p></p><p></p><p></p>', 'https://calendly.com/talithakirana/mentoring-quarter-life-project', NULL, NULL, '2021-11-24 04:33:09', '2022-02-01 03:28:59'),
(16, 'Leon Dolfus, S. Ak', 'leondolfus@gmail.com', NULL, '$2y$10$JGCcQT8tiwG.IYqrulZ4yuoeAtOHV4x3dD3NtO5lbZzG5fdMAksw.', '1637756903.jpg', '1', 'https://www.linkedin.com/in/leondolfus/', 1, NULL, 'Loves to teach and listen to people\'s stories.', 'Hi! I\'m Leon Dolfus, you can call me by my first name Leon. I am a recent Accounting graduate and working now at Glints as a Client Success Associate. I love to work in a team and teaming for me is the moment I can listen to people\'s opinions, stories, and concerns. I like reading books, listening to music, and strolling around cities with friends. I love all foods but satay always stays at its finest.', '<ul><li>Bachelor’s Degree in Accounting at Universitas Atma Jaya Yogyakarta 2020<br></li></ul>', '<ul><li>Client Success Associate at Glints (2021-present)</li><li>Assistant Professor in Financial Management Class for 3 semesters (2018-2020)</li><li>Finance Intern at PT Djarum (2019)</li><li>Lead Generation Specialist at LeadGeeks Inc. (2020)</li><li>Student Buddy for International Students (2018-2019)</li></ul>', '<p><ul><li>FIRST PLACE WINNER in OpportuCamp Challenge II: “Show Your Perfect Pitch (2021)</li><li>Selected Delegate in International Relation Room Future Leader Summit (2019)</li><li>Top 15 of Capital Market Competition in Diponegoro University (2018)</li></ul></p>', 'https://calendly.com/leondolfus/mentoring-quarter-life-projects', NULL, NULL, '2021-11-24 04:40:16', '2021-11-27 13:15:30'),
(17, 'Salsabila Imannisa, S.IP.', 'salsaimannisa27@gmail.com', NULL, '$2y$10$8nfVc0s1bxC90jII/NryneSo/u9DMr3FKSQqoB1BBxTELEMZNJn0K', '1637755378.jpg', '4', 'www.linkedin.com/salsaimannisa', 5, NULL, 'Team Lead & Self-Awareness Lover. Hi!', '<span>Graduated from the International Relations Department of Universitas Gadjah Mada in 2020, I am currently working as a Student Success Team Lead in Glints Academy. As I am responsible for managing 4 team members, I am highly passionate about career &amp; personal growth, maintaining one\'s mental health, and how to be the best version of yourself. If you\'re looking for someone to consult &amp; share concerns with, click the link above for a 1on1 chat with me! (From both manager, mentor, and a friend POV. :D) See you!</span>', '<span><p dir=\"ltr\"><span style=\"font-size: 0.9rem;\">Universitas Gadjah Mada</span><span style=\"font-size: 0.9rem;\">	</span><span style=\"font-size: 0.9rem;\">Yogyakarta, Indonesia</span><br></p><p dir=\"ltr\">Bachelor’s degree in Political Sciences (International Relations).</p><ul><li dir=\"ltr\" aria-level=\"1\"><p dir=\"ltr\" role=\"presentation\">Cumlaude, 3.68 GPA.	2016 - 2020</p></li></ul><p dir=\"ltr\">Malmö University	Malmö, Sweden</p><p dir=\"ltr\">International Migration and Ethnic Relations I, Faculty of Culture and Society	Aug 2018 - Jan 2019</p><ul><li dir=\"ltr\" aria-level=\"1\"><p dir=\"ltr\" role=\"presentation\">Exchange Student Program for one semester</p></li></ul></span>', '<span><p dir=\"ltr\"><b><u>Glints Academy</u></b></p></span><span><p dir=\"ltr\">Student Success Team Lead	Aug 2021 - present</p></span><span><ul><li dir=\"ltr\" aria-level=\"1\"><p dir=\"ltr\" role=\"presentation\">Led a team of 4 people to handle 3 concurring Intensive Bootcamp batches &amp; Part-time Bootcamp.</p></li><li dir=\"ltr\" aria-level=\"1\"><p dir=\"ltr\" role=\"presentation\">Established &amp; grew systematic changes &amp; data automation in order to achieve better execution &amp; higher CSAT and Engagement Rate.&nbsp;</p></li><li dir=\"ltr\" aria-level=\"1\"><p dir=\"ltr\" role=\"presentation\">Administered all the relevant data &amp; resources for our customers\' in order to strengthen customer\'s loyalty (students\' handbook, engagement tracker, gradually integrating surveys, etc.)</p></li></ul><p dir=\"ltr\">Student Success Associate	May - Aug 2021</p><ul><li dir=\"ltr\" aria-level=\"1\"><p dir=\"ltr\" role=\"presentation\">Achieved 94.73% customers\' engagement rate through survey submissions, general weekly-check in, and participation rate.&nbsp;</p></li><li dir=\"ltr\" aria-level=\"1\"><p dir=\"ltr\" role=\"presentation\">Retained students of Intensive Bootcamp by handling 3 medium &amp; high risk issues, resulting in 95% graduation rate in 4 months period.&nbsp;</p></li></ul><p dir=\"ltr\">Student Success Officer Intern	Nov 2020 - May 2021</p><ul><li dir=\"ltr\" aria-level=\"1\"><p dir=\"ltr\" role=\"presentation\">Handled Intensive Bootcamp Batch 10 (47 Students), achieving 94% graduation rate.</p></li><li dir=\"ltr\" aria-level=\"1\"><p dir=\"ltr\" role=\"presentation\">Maintained 87% engagement rate through daily &amp; weekly survey submission rate throughout the 3 months bootcamp period.&nbsp;</p></li></ul><br><p dir=\"ltr\"><b>Career Development Center, FISIPOL, UGM	Yogyakarta, Indonesia</b></p><p dir=\"ltr\">Peer Counselor	2019 - 2020</p><ul><li dir=\"ltr\" aria-level=\"1\"><p dir=\"ltr\" role=\"presentation\">Provided emotional and informative support for students in 1on1 counseling sessions to improve their productivity both in personal and academic aspects.</p></li></ul><p dir=\"ltr\">Project Officer for Mental Health Society	Oct 2020</p><ul><li dir=\"ltr\" aria-level=\"1\"><p dir=\"ltr\" role=\"presentation\">Designed a 3 weeks event to celebrate International Mental Health Day.</p></li><li dir=\"ltr\" aria-level=\"1\"><p dir=\"ltr\" role=\"presentation\">Acquired and maintained the end-to-end relationships with the 3 guest speakers by providing the necessary documents.</p></li></ul></span>', NULL, NULL, NULL, NULL, '2021-11-24 04:47:01', '2022-02-12 02:08:09'),
(18, 'Angeline Novena Tricia', 'venaangeline@gmail.com', NULL, '$2y$10$TYxpcL3t3SU123oQNJgohuOOxKP5k3AKyfcRRo9.VMscXkKKcC5jG', NULL, '0', 'https://www.linkedin.com/in/angeline-novena-tricia-35118221a', 0, '-', 'Long life learner', 'Nama saya Angeline Novena Tricia, saat ini saya merupakan mahasiswa semester 3 di Fakultas Psikologi Universitas Kristen Maranatha. Selain sebagai mahasiswa, saat ini saya aktif dalam berbagai kepanitiaan dan organisasi di kampus. Selain aktif di dalam kampus, saat ini saya juga aktif mengikuti program internship di luar kampus. Dalam hal public speaking, saya sering dipercayakan untuk menjadi moderator, Master of Ceremony (MC), host Live Instagram, serta host Podcast.&nbsp;', 'Fakultas Psikologi Universitas Kristen Maranatha Angkatan 2020', '<ul><li>Biro Psikologi Personale (PT Personale Peduli Potensi) - Project Team Intern Batch 2</li><li>Be The Better Platform - Event Planner&nbsp;</li></ul>', '<p><ul><li>Penerima Beasiswa Internal Mahasiswa Berprestasi Akademik Semester Ganjil 2021/2022 Universitas Kristen Maranatha</li><li>Semester 2 Dean’s List 2021 Universitas Kristen Maranatha</li><li>Semester 1 Dean’s List 2021 Universitas Kristen Maranatha</li><li>Peserta United Nations SGDs International e-Tournament 2021 di Hong Kong Baptist University&nbsp;</li></ul></p>', 'https://calendly.com/angelinenovenatricia/mentoring-quarter-life-projects', NULL, NULL, '2021-11-24 04:48:07', '2021-11-24 05:31:48'),
(19, 'Hendy Khustiadi S.E.', 'khustiadihendy@gmail.com', NULL, '$2y$10$etq7us8vux1sDF8QLONLUOJBp1CwTIB8fEGBbyq7uQFUpLDPkYpL2', '1637758646.jpg', '1', NULL, 1, '3.7', 'Learn, Act, Teach, Repeat', 'Seorang Entrepreneur dan Trader Saham yang terus belajar dari yang terbaik. Senang bisa membantu.', 'Pendidikan Formal : S1 Akuntansi Unpar<br>Pendidikan Informal: Ratusan Buku<br><b>Personal Development<br></b>Unleashed the Power Within&nbsp;<span>- Tony Robbins (No 1 Success Coach in the World)</span><br>Date with Destiny - Tony Robbins (No 1 Success Coach in the World)<p>Certified High Performance Coach - Brendon Burchard (the world\'s leading high performance coach)<br></p><p><br></p><p><b>Trading / Investing Saham</b><br>Master Trader Program from Mark Minervini &amp; David Ryan (US Investing Champion)&nbsp;<br>Value Momentum Investing - Adam Khoo (Singapore\'s Investing Guru)<br>Macro Economics - Ray Dalio (Founder of Bridgewater Associates, the biggest hedge fund in the world)<br><br><b>Money Management</b><br>Financial Education - Robert Kiyosaki\'s books (Author of Rich Dad Poor Dad, etc)<br>Secrets of Millionaire Minds - T Harv Eker (Author of&nbsp;<i>Secrets of the Millionaire Mind ,etc)</i>&nbsp;<br><br><b>Relationship:</b><br>Ultimate Relationship Program - Tony Robbins &amp; Sage Robbins&nbsp;(No 1 Success Coach in the World)<br>Core 100 - Tony Robbins &amp; Chloe Madanes (No 1 Success Coach in the World &amp;&nbsp;world-renowned innovator and teacher of family and strategic therapy&nbsp;)</p><p></p>', 'Entrepreneur, Trader Saham, Investor Saham, Content Creator, Start Up Founder', NULL, 'https://calendly.com/khustiadihendy/30min', NULL, NULL, '2021-11-24 04:59:30', '2021-12-11 20:43:44'),
(20, 'David Tjandra Nugraha', 'dtdavidtjandra@gmail.com', NULL, '$2y$10$YKhaTNyBNqS2mozL1nt8vOiBKaOPGQGJflZLRKt3Y8x/T9RGgwSXa', '1637764043.jpg', '0', 'https://www.linkedin.com/in/david-tjandra-a2119190/', 0, '-', 'PhD Research Associate | Education Enthusiast', '<div><div>PhD Researcher at Division Mechatronics, Biostatistics and Sensors (MeBioS) of the Department of Biosystems at the KU Leuven. Mainly do research in Food Science, but also in related field of studies. My current interest is the application of Near Infrared Spectroscopy (NIRS) and \'aquaphotomics\' approach for the NIRS (www.aquaphotomics.com)</div></div><div><div><div><header></header></div></div></div>', '<ul><li><span style=\"font-size: 0.9rem;\">2011-2014 : SMAK St. Louis 1 Surabaya</span></li><li><span style=\"font-size: 0.9rem;\">2014-2018 : Universitas Katolik Widya Mandala Surabaya - S1 - Fakultas Teknologi Pertanian</span></li><li>2019-2021 : Szent Istvan University - S2 - Food Science and Technology Engineering</li><li>2021-2025 : KU Leuven - S3 - Bioscience Engineering</li></ul>', '<ul><li>September 2021 - now - PhD Research Associate, KU Leuven, Belgium</li><li>June - December 2020 - Quality Control Intern at BioTech USA Kft. Hungary</li><li>2018-2019 - Lab Analyst - PT. Vetus Prima Energi</li><li>2016-2019 - Part Time Tutor - SchoolHub Surabaya</li></ul>', '<p>Best Presenter of BioSysFoodEng International Conference, Budapest, Hungary</p><p>2018 Best Graduate of Food Technology, Widya Mandala Surabaya</p><p>2017 Third Place for Outstanding Student (East Java State) Indonesia</p><p>2017 Best Speaker for Food Science Student Conference 2017 at Soegijapranata University Semarang</p><p>2017 Third Place for National Food Technology Competition 2017</p><p>2016 First Place of Indonesian Food Quiz Bowl, East Java Stage</p>', 'https://calendly.com/dtdavidtjandra/qlp-mentoring', NULL, NULL, '2021-11-24 05:15:01', '2021-11-24 07:32:54'),
(21, 'Halimah Tusa\'Diyah', 'tusadiyah48@gmail.com', NULL, '$2y$10$YS/L/aPFXTLUAafCcNxqHOJY7pu74Wp1i6vuHlNI8EmSZRXGktbGu', '1637757323.jpg', '0.5', 'https://www.linkedin.com/in/halimah-tusa-diyah-7bb458223/', 1, '4.3', 'Mendengarkan, memahami, memberi solusi.', 'Halo, nama saya Halimah Tusa\'Diyah, biasa dipanggil Halimah.&nbsp;', '<ul><li>SMPN 73 Jakarta</li><li>SMAN 43 Jakarta</li><li>Universitas Sahid Jakarta</li></ul>', NULL, NULL, 'https://calendly.com/tusadiyah48/30min?month=2021-11', NULL, NULL, '2021-11-24 05:32:55', '2021-11-30 04:17:16'),
(22, 'Alnadia Yusriya Hibatullah', 'ahibatullah@gmail.com', NULL, '$2y$10$/q6.0./sRwGKc8Pzcwwd3eCO.kDqqytjdM9Rc3UK4P3TtySl154EK', '1637758141.jpg', '3', 'https://www.linkedin.com/in/alnadiayusriyahibatullah', 3, '5.0', 'Still learning to understand life.', 'I believe that the change we want for the world must start with us.', '<p><ul><li>Mahasiswa Program Studi Magister Bioteknologi, Institut Teknologi Bandung</li></ul></p>', '<ul><li>Tutor Bahasa Inggris di Carene.id</li><li>Tutor Bahasa Inggris di Gerakan Suka Baca (GSB)</li></ul>', '<ul><li>Awardee LPDP 2021 PK-173</li><li>The Honourable Mention of UN Women in IMUN Online Conference 46.0 as the delegate of the Republic of Singapore</li></ul>', 'https://calendly.com/alnadiayusriya/mentoring-quarter-life-projects', NULL, NULL, '2021-11-24 05:42:11', '2021-12-17 20:49:18'),
(23, 'Haikal Al-Kahfi', 'haikalkhf@gmail.com', NULL, '$2y$10$63XAqWbHrQRKT4c/jF4Kn.xJSGnKBRRtBUksDqOymdcyovQLi6T6q', '1638201124.jpg', '0', 'https://www.linkedin.com/in/haikal-al-kahfi-8215b71a4/', 0, NULL, 'XL Future Leaders Awardee Batch 10|Start Up Enthusiast|\"Your Truly Listener\"', 'I am Haikal, Undergraduate Geography Student. I am interested in Marketing, Partnership Affairs, and also Start-Up. Currently, I am handling Healthcare Start-Up named SiapDOK.&nbsp;<span style=\"font-size: 0.9rem;\">So if you really want to discuss, just hit me up!</span>', '<ul><li>S1 Kartografi dan Penginderaan Jauh, Fakultas Geografi, Universitas Gadjah Mada</li></ul>', '<ul><li>Internship Partnership at Job2Go</li><li>Marketing VP at SiapDOK</li></ul>', '<ul><li>Finalist Bisnis Plan Competition of Hultprize UGM 2020</li><li>10 Besar Finalis Lomba Bisnis Plan Festival Karakter UGM 2020</li><li>Juara 1 Kompetisi Esai Tingkat Nasional Brawijaya Library Competition 2020 <br></li><li>Juara 3 Kompetisi Esai Tingkat Nasional Festival Ekonomi Syariah 2020<br></li><li>Choosen as Delegation at Asean Youth Conference 2019, Kuala Lumpur, Malaysia 2019<br></li></ul>', 'https://calendly.com/haikalkhf', NULL, NULL, '2021-11-24 06:10:04', '2021-11-29 09:06:17'),
(24, 'Fasya Ilhaini Darmaji', 'fasyaaid@gmail.com', NULL, '$2y$10$rJg3qiO0YOLSqzH/jtYGIuWy6M1eABO3XBihzWv6ZdMCZuZVtXufC', '1637762686.jpg', '0', 'edin.com/in/fasya-ilhaini-darmaji-4960111b7/', 0, NULL, 'Put in more effort to learn', 'Hi I am Fasya.&nbsp;<span>I am always enthusiast to learn and undertake new challenges. I have developed good&nbsp;</span><span>planning and coordinated the programs to working in a team. I have also perseverance in&nbsp;</span><span>content creation in social media, digital marketing, content writing, journalism.</span><span>&nbsp;Passioning in art, especially theater and&nbsp;</span><span>drama musicals. I also have experienced at internal campus activities, especially </span><span>EM UB 2019-2020 and learning to be a professional Master of Ceremony. Also,&nbsp;</span><span>being a part of laboratory assistant in Department of Sociology.</span>', '<b style=\"\">Brawijaya University, Indonesia</b><p><ul><li><u>Undergraduate Student in&nbsp;Political Sciences (Sociology)</u></li></ul>Activities and societies:</p><p><ol><li>&nbsp;Have experienced of Student Executive Board at Brawijaya University</li><li>Succeeded in attracting the participation of 120 students in the IBS Symposium 2025</li><li>Selected as a Master of Ceremony (MC) in the NKCTL National Webinar Vol. I and succeeded in attracting the participation of 86 student</li></ol></p>', '<ul><li><b>Laboratory Assistant in Department of Sociology, Brawijaya University for two semesters</b> (Feb 2021- Present)</li></ul><br><u>Job Desc</u>:<br><p>1. Responsible for assist and guide 30 students to make practical reports to provide practical knowledge in conducting research in course Struktur Pranata Sosial dan Perubahan Sosial in Department of Sociology, Faculty of Social and Political Sciences, Brawijaya University.<br>2. Plan, organize, and deliver research instructions in laboratory and/or classroom settings to promote student success within a community college setting in Department of Sociology <br>3. Provide students with frequent, timely assessment of and clear feedback regarding academic performance.<br>4. Appropriately document student progress and maintain records including attendance, grading and student learning outcomes.<br><br></p><p><ul><li><b>Staff Internship at Ngalup&nbsp;Collaborative Network as a Tiktok</b> <b>Content Creator</b><br>(Jul 2021-Sep 2021)</li></ul>Job Desc:</p><p><ol><li>Created about 1 content per day on social media for company websites, which included Instagram following by 16.700 audiences and Tiktok by 250.000 likes</li></ol></p>', '<b>Licenses and Certifications</b><p><ol><li>Asisten Praktikum Mata Kuliah Terstruktur Struktur Pranata Sosial dan Perubahan Sosial&nbsp;<br></li><li>Juara 3 Lomba Teater 99 Cup Experience Evocative Imagery Experience 2017<br></li><li>EFSET English Certificate&nbsp;</li></ol></p>', 'https://calendly.com/fasyaaid-mentoring-quarter-life-projects-/mentoring-quarter-life-projects-', NULL, NULL, '2021-11-24 06:10:24', '2021-12-13 01:49:36'),
(25, 'Kevin Satrio Agung Widagdo S. AB', 'widagdo441@gmail.com', NULL, '$2y$10$0Xmf1Dt26xUJNA1ylg7tYOR4oIuMbULHhOQ9NtBrSVZwyH0aJZYAG', '1637761731.jpg', '1.5', 'https://www.linkedin.com/in/kevin-satrio-agung-widagdo-a078b1180/', 3, '4.7', 'Outgoing introvert who love sports with passion in volunteering', 'Business Administration Graduate with experience in recruitment agency and social networking in campus booth local and abroad.&nbsp;', '<h2><b><span style=\"font-size: 2.25rem;\">Business Administration Graduate&nbsp;</span><span style=\"font-size: 2.25rem;\">(3.52/4.00)&nbsp;</span></b></h2><h2><span style=\"font-size: 2.25rem;\">Atma Jaya Catholic University of Indonesia&nbsp;</span></h2>', '<ul><li><b>Project Officer</b> for Digital Learning Atma Jaya Catholic University of Indonesia (Current)&nbsp;</li><li>Freelance<b> Football Data Scout</b> SportsModule (Current)&nbsp;</li><li>Intern <b>Recruitment Consultant </b>Recruit First Indonesia&nbsp;(Sep 2021)&nbsp;</li><li><b>Local Student Consultant</b> International Business Research University of Groningen (Feb 2021 - Jul 2021)&nbsp;</li><li><b>Liaison Officer </b>for ACICIS Indonesia (Jan 2020 - Feb 2020)&nbsp;</li><li><b>Promotion and Information Student Staff </b>Atma Jaya Catholic University of Indonesia&nbsp;<b>&nbsp;</b>(Oct 2018 - Oct 2020)&nbsp;</li></ul>', '<ul><li>Student Exhange Candidate to Westphalian University of Applied Sciences 2020&nbsp;</li><li>Best Member Himpunan Mahasiswa Ilmu Administrasi Bisnis (2019)&nbsp;</li></ul>', 'https://calendly.com/kevin-widagdo/30min', NULL, NULL, '2021-11-24 06:25:54', '2021-12-11 05:34:01'),
(26, 'Virenda R T Pandaleke, S.Psi', 'vpandaleke@gmail.com', NULL, '$2y$10$s1Kj/CaCLmF3aDV4oh/wyuab0bQJxpDQoq3WBAVj9B7TySqLUTT4K', '1637765864.jpg', '13.30', 'https://www.linkedin.com/in/virenda-rut-techina-pandaleke-1b96421b5/', 15, NULL, 'Work together to achieve personal growth.', 'Hiii, I\'m Virenda master student in clinical professional psychology that passionate about mental health issues, aim to help others become the best version of themselves, and be a good listener. My strongest trait is the willingness to learn new things and gain new experiences. My role as a mentor is to listen and walk with you through the difficulties you are facing. Together, we will explore your strengths, create a resilience mindset and develop yourself.&nbsp;', '<h2><b>Bachelor of Psychology&nbsp;</b></h2><p><b>Sanata Dharma University</b></p>', '<style>\r\n<!--\r\n/* Style Definitions */\r\n p.MsoNormal, li.MsoNormal, div.MsoNormal\r\n	{mso-style-unhide:no;\r\n	mso-style-qformat:yes;\r\n	mso-style-parent:\"\";\r\n	margin:0cm;\r\n	mso-pagination:none;\r\n	text-autospace:none;\r\n	font-size:11.0pt;\r\n	font-family:\"Times New Roman\",serif;\r\n	mso-fareast-font-family:\"Times New Roman\";\r\n	mso-ansi-language:#0021;}\r\np.MsoListParagraph, li.MsoListParagraph, div.MsoListParagraph\r\n	{mso-style-priority:1;\r\n	mso-style-unhide:no;\r\n	mso-style-qformat:yes;\r\n	margin-top:0cm;\r\n	margin-right:0cm;\r\n	margin-bottom:0cm;\r\n	margin-left:53.0pt;\r\n	text-indent:-18.0pt;\r\n	mso-pagination:none;\r\n	text-autospace:none;\r\n	font-size:11.0pt;\r\n	font-family:\"Times New Roman\",serif;\r\n	mso-fareast-font-family:\"Times New Roman\";\r\n	mso-ansi-language:#0021;}\r\n.MsoChpDefault\r\n	{mso-style-type:export-only;\r\n	mso-default-props:yes;\r\n	font-size:11.0pt;\r\n	mso-ansi-font-size:11.0pt;\r\n	mso-bidi-font-size:11.0pt;\r\n	font-family:\"Calibri\",sans-serif;\r\n	mso-ascii-font-family:Calibri;\r\n	mso-ascii-theme-font:minor-latin;\r\n	mso-fareast-font-family:Calibri;\r\n	mso-fareast-theme-font:minor-latin;\r\n	mso-hansi-font-family:Calibri;\r\n	mso-hansi-theme-font:minor-latin;\r\n	mso-bidi-font-family:\"Times New Roman\";\r\n	mso-bidi-theme-font:minor-bidi;\r\n	mso-ansi-language:EN-US;}\r\n.MsoPapDefault\r\n	{mso-style-type:export-only;\r\n	mso-pagination:none;\r\n	text-autospace:none;}\r\n@page WordSection1\r\n	{size:612.0pt 792.0pt;\r\n	margin:72.0pt 72.0pt 72.0pt 72.0pt;\r\n	mso-header-margin:36.0pt;\r\n	mso-footer-margin:36.0pt;\r\n	mso-paper-source:0;}\r\ndiv.WordSection1\r\n	{page:WordSection1;}\r\n /* List Definitions */\r\n @list l0\r\n	{mso-list-id:732774365;\r\n	mso-list-type:hybrid;\r\n	mso-list-template-ids:-1986903472 -2079180306 -765919852 -913004350 -1832886088 165600506 -593619996 2107687634 1850605616 -1751490882;}\r\n@list l0:level1\r\n	{mso-level-start-at:0;\r\n	mso-level-number-format:bullet;\r\n	mso-level-text:;\r\n	mso-level-tab-stop:none;\r\n	mso-level-number-position:left;\r\n	margin-left:53.0pt;\r\n	text-indent:-18.0pt;\r\n	mso-ansi-font-size:11.0pt;\r\n	mso-bidi-font-size:11.0pt;\r\n	font-family:Symbol;\r\n	mso-fareast-font-family:Symbol;\r\n	mso-bidi-font-family:Symbol;\r\n	mso-font-width:100%;\r\n	mso-ansi-language:#0021;\r\n	mso-fareast-language:EN-US;\r\n	mso-bidi-language:AR-SA;}\r\n@list l0:level2\r\n	{mso-level-start-at:0;\r\n	mso-level-number-format:bullet;\r\n	mso-level-text:•;\r\n	mso-level-tab-stop:none;\r\n	mso-level-number-position:left;\r\n	margin-left:105.8pt;\r\n	text-indent:-18.0pt;\r\n	mso-ansi-language:#0021;\r\n	mso-fareast-language:EN-US;\r\n	mso-bidi-language:AR-SA;}\r\n@list l0:level3\r\n	{mso-level-start-at:0;\r\n	mso-level-number-format:bullet;\r\n	mso-level-text:•;\r\n	mso-level-tab-stop:none;\r\n	mso-level-number-position:left;\r\n	margin-left:158.6pt;\r\n	text-indent:-18.0pt;\r\n	mso-ansi-language:#0021;\r\n	mso-fareast-language:EN-US;\r\n	mso-bidi-language:AR-SA;}\r\n@list l0:level4\r\n	{mso-level-start-at:0;\r\n	mso-level-number-format:bullet;\r\n	mso-level-text:•;\r\n	mso-level-tab-stop:none;\r\n	mso-level-number-position:left;\r\n	margin-left:211.4pt;\r\n	text-indent:-18.0pt;\r\n	mso-ansi-language:#0021;\r\n	mso-fareast-language:EN-US;\r\n	mso-bidi-language:AR-SA;}\r\n@list l0:level5\r\n	{mso-level-start-at:0;\r\n	mso-level-number-format:bullet;\r\n	mso-level-text:•;\r\n	mso-level-tab-stop:none;\r\n	mso-level-number-position:left;\r\n	margin-left:264.2pt;\r\n	text-indent:-18.0pt;\r\n	mso-ansi-language:#0021;\r\n	mso-fareast-language:EN-US;\r\n	mso-bidi-language:AR-SA;}\r\n@list l0:level6\r\n	{mso-level-start-at:0;\r\n	mso-level-number-format:bullet;\r\n	mso-level-text:•;\r\n	mso-level-tab-stop:none;\r\n	mso-level-number-position:left;\r\n	margin-left:317.0pt;\r\n	text-indent:-18.0pt;\r\n	mso-ansi-language:#0021;\r\n	mso-fareast-language:EN-US;\r\n	mso-bidi-language:AR-SA;}\r\n@list l0:level7\r\n	{mso-level-start-at:0;\r\n	mso-level-number-format:bullet;\r\n	mso-level-text:•;\r\n	mso-level-tab-stop:none;\r\n	mso-level-number-position:left;\r\n	margin-left:369.8pt;\r\n	text-indent:-18.0pt;\r\n	mso-ansi-language:#0021;\r\n	mso-fareast-language:EN-US;\r\n	mso-bidi-language:AR-SA;}\r\n@list l0:level8\r\n	{mso-level-start-at:0;\r\n	mso-level-number-format:bullet;\r\n	mso-level-text:•;\r\n	mso-level-tab-stop:none;\r\n	mso-level-number-position:left;\r\n	margin-left:422.6pt;\r\n	text-indent:-18.0pt;\r\n	mso-ansi-language:#0021;\r\n	mso-fareast-language:EN-US;\r\n	mso-bidi-language:AR-SA;}\r\n@list l0:level9\r\n	{mso-level-start-at:0;\r\n	mso-level-number-format:bullet;\r\n	mso-level-text:•;\r\n	mso-level-tab-stop:none;\r\n	mso-level-number-position:left;\r\n	margin-left:475.4pt;\r\n	text-indent:-18.0pt;\r\n	mso-ansi-language:#0021;\r\n	mso-fareast-language:EN-US;\r\n	mso-bidi-language:AR-SA;}\r\n\r\n-->\r\n</style><h5><b style=\"font-size: 0.9rem;\">Psychologist Assistant at P2TKP</b></h5><p><span style=\"font-size: 0.9rem;\">2018&nbsp;–&nbsp;2020</span></p><p></p><ul><li>Administrated psychological testing for high school students or for any purposes of a company.</li><li>Conducted psychological test scoring and interpretation and then wrote psychological assessment reports under the psychologist\'s supervision.&nbsp;</li><li>Conducted training need analysis with the client for developing the training modules. Planned training activities with the trainer and team. Supervised team\'s work performances and responsible to facilitate client\'s needs while doing the training program.</li><li>I support the psychologist in counseling by interviewed the client to find out the problem they are faced.&nbsp;</li></ul><h6><b>Program Associate at Kita Berkisah&nbsp;</b></h6><h6>2021<b> &nbsp; &nbsp; &nbsp; &nbsp; &nbsp; &nbsp; &nbsp; &nbsp; &nbsp; &nbsp; &nbsp; &nbsp; &nbsp; &nbsp; &nbsp; &nbsp; &nbsp; &nbsp; &nbsp; &nbsp; &nbsp; &nbsp; &nbsp; &nbsp; &nbsp; &nbsp; &nbsp; &nbsp; &nbsp; &nbsp; &nbsp; &nbsp; &nbsp; &nbsp; &nbsp; &nbsp; &nbsp; &nbsp; &nbsp; &nbsp; &nbsp; &nbsp; &nbsp; &nbsp; &nbsp; &nbsp; &nbsp; &nbsp; &nbsp; &nbsp; &nbsp; &nbsp;&nbsp;</b></h6><h6><ul><li>Kita Berkisah is enganged in mental health to make it easier for everyone to access mental health services, with our tagline \"A safe space for expression, empowerment, and growth\".</li><li>I managed several responsibilities such as: developing and planning projects that related with mental health issues.</li><li>Researching and conceptualizing event\'s guide with evidence-based articles.&nbsp;</li></ul></h6><p><o:p></o:p></p><p><o:p></o:p></p><h6><b style=\"font-size: 0.9rem;\">Peer Counselor at Female in Action</b></h6><h6><span style=\"font-size: 0.9rem;\">2021</span></h6><h6><ul><li>Receive a case report from women who had mental health problems.&nbsp;</li><li>Through FIA Care, an application that connect females with counselors, I provide support for females in working with their challenges or issues affecting their well-being.&nbsp;</li><li>Trained to be a professional peer counselor.&nbsp;</li></ul></h6><p><o:p></o:p></p><p></p>', NULL, 'https://calendly.com/virendaruttp/consulting', NULL, NULL, '2021-11-24 07:12:22', '2022-02-13 21:15:43'),
(27, 'Ivan Tjahja Pranata', 'ivantjahjapranata@gmail.com', NULL, '$2y$10$4y74ro0u5gAIM7NU3s7kJuxK3w4zgwLvrX4SaQizpWtDxmVDqGlzm', NULL, '0', NULL, 0, '-', NULL, NULL, NULL, NULL, NULL, NULL, NULL, NULL, '2021-11-24 07:39:18', '2021-11-24 07:39:18');
INSERT INTO `users` (`id`, `name`, `email`, `email_verified_at`, `password`, `profile_picture`, `session_hour`, `linkedin`, `total_client`, `rating`, `description`, `profile`, `education_background`, `job_background`, `award`, `one_on_one_link`, `one_to_many_link`, `remember_token`, `created_at`, `updated_at`) VALUES
(28, 'Rendi', 'rendiceo@gmail.com', NULL, '$2y$10$QaLlLJkpv8tJBDPabdrFPeEBzulPT1aN3jAlt1/qsLl3Z/aQL.e4i', '1637766842.jpg', '0', 'https://www.linkedin.com/in/2714/', 0, '-', 'Hello, I am Rendi. Investing and Career!', '<span>Hello, I am Rendi. I was graduated from ITS majoring in Materials Engineering. Now, I am working as a Treasury Dealer at a state-owned company. I have been learning about investing (not trading) for about one year. I am willing to help you for starting your journey in the stock market. Furthermore, I also can help you in terms of choosing your professional career in engineering roles or business roles.</span>', 'S1- Materials Engineering ITS', 'Treasury Dealer - Managing Bank\'s money', 'Cum Laude - Top 3%<p>Several merit scholarships</p>', 'https://calendly.com/rendiceo', NULL, NULL, '2021-11-24 08:06:19', '2021-11-24 08:18:01'),
(29, 'Hasna Nida R. A., S.Kep', 'hasnanidarohadatulaisyi@gmail.com', NULL, '$2y$10$7PuwlXP4.cby9yWMrNaJl.fk0t/8dQgG87M0UXBc4zty.2eGTVeQW', '1637769500.jpg', '0', 'https://www.linkedin.com/in/hasna-nida/', 0, '-', 'Let\'s grow together!', '<span>Hello! You can call me Hasna. I am a cheerful, easy-going, and resilient person who likes to socialize, listen to others\' stories, learn, and share my knowledge/skills with others. I do believe a person can achieve anything as long as they want to learn.</span><br>', '<ul><li>University of Indonesia - Bachelor in Nursing Science (2016-2021)</li></ul>', '<ul><li>University of Indonesia -&nbsp;Researcher Assistant of Nursing Science (2021)</li><li>The 4th International Conference for Global Health (ICGH) - Liaison Officer (2019)<br></li><li>National Nursing Festival (NURSE) FIK UI 2019 -&nbsp;Person in Charge for Design &amp; Documentation (2019)<br></li></ul>', NULL, 'https://calendly.com/hasnanida/60min', NULL, NULL, '2021-11-24 08:08:22', '2021-11-24 09:16:43'),
(30, 'Sofina Fachlan, S.Pd', 'sofinafachlan4@gmail.com', NULL, '$2y$10$Zmn8tQr3TGMIeHb1RN8zzu0YWivRlesSJLYLlhnW0v4gS24X0iium', '1637767523.jpg', '0', 'www.linkedin.com/sofinafachlan', 0, '-', 'Self Development Mentor', 'Saya mentor yang berpengalaman\r\ndengan tema pengembangan diri,\r\nakademik, dan juga senang sekali\r\nuntuk membangun komunikasi asertif,\r\nmotivational, dan mengamati\r\nperkembangan orang lain.&nbsp;', '&nbsp;Lulus dengan predikat magna cum laude dengan IPK 3,82 di Pendidikan Sosiologi Universitas Pendidikan Indonesia -&nbsp; Penerima Beasiswa Unggulan Kementrian Pendidikan dan\r\nKebudayaan 2018-2021 - Menyandang \"The Most Outstanding Student of Sociology of\r\nEducation 2020\"', 'Content Developer @Sekolah.mu<p>Co-Facilitator Lead Other @tanotofoundation</p><p>Trainer @peacegen.id</p>', '<ol><li>Trainer pada TOT Gerakan\r\nMengajar Desa dengan tema\r\n\"Teknologi Pembelajaran Daring\r\ndan Luring\" (2021)\r\nTrainer pada TOT UTBK Sosiologi\r\npada guru di SMA Athirah, Sulawesi\r\n(2021)&nbsp;</li><li>Pembicara Talkshow “Be Productive,\r\nBe Inspiring” di Womanitizer.project\r\nFISIP UNPAD (2021)&nbsp;</li><li>Pembicara “Hayu Diajar” dengan\r\njudul Manajemen Stres Pada Anak\r\ndi Hayu Bergerak Zillenial (2020)\r\nPembicara of Great Muslimah\r\nTrainning dengan tema “Muslimah\r\nDigital, Berdaya Tanpa Arus\r\nPerubahan” di Universitas\r\nDipenogoro (2020)&nbsp;</li><li>Pembicara dalam kegiatan INSPA\r\n#2 : Manajemen Waktu Ala Aktivis\r\ndan Akademis di Insan\r\nPeradaban.id (2020)&nbsp;</li><li>Pembicara dalam kegiatan\r\nUpgrade Ilmu “ Time Management\r\nHow to Priotize &amp; Be More\r\nProductive” di BINE Youth\r\nOrganization (2020)&nbsp;</li><li>Pembicara dalam School of Society\r\n4.0 tentang “Pendekatan Psikososial dalam Kegiatan Pengabdian\r\nMasyarakat” di Salman ITB (2019)</li></ol>', 'https://calendly.com/quarterlifeprojects/consulting-mentor/invitees/05de351d-8419-40b9-a107-a36ec1b560a7', NULL, NULL, '2021-11-24 08:14:07', '2021-11-24 08:37:00'),
(31, 'Marsha Syakibah', 'marshasyakibah12@gmail.com', NULL, '$2y$10$lfcMIfAS4TbrxKHZRtZJ7OSx6AHix4bnWglWbXbhknuDhhCB7DfRW', '1637769532.jpg', '0', 'https://www.linkedin.com/in/marsha-syakibah/', 0, '-', 'be happy and attractive', 'Seorang mahasiswi aktif semester 5 jurusan Kesejahteraan sosial, anak ke-4 dari 4 bersaudara, saya memiliki motivasi dan semangat yang tinggi dalam hidup saya , saya juga sangat senang berinteraksi dengan siapapun, dan senang melakukan kegiatan yang menantang <br>', '<ul><li>Sdn Pakualam 1 |2008-2013</li><li>Smpn 15 Tangerang Selatan | 2014-2016</li><li>Sma Yadika 3 Tangerang | 2017-2019</li><li>Uin Syarif Hidayatullah Jakarta | 2019-Sekarang<br></li></ul>', '<ul><li>Kopi Sedap Malam (Barista dan Ceo) | Jun-Sep 2019</li><li>Warung Pintar (Freelance) | Jan-Feb 2020</li><li>KPU Kota Tangerang Selatan (PPS) | Jun 2020-Feb 2021</li><li>Blue Coral (Part Time Barista) | Nov 2021- Sekarang<br></li></ul>', '<ul><li>Best Goal Keeper Kejuaran Daerah Bola Tangan Tingkat Provinsi Banten | 2019 <br></li><li>Juara 2 penyusunan DPT Se-Kota Tangerang Selatan | 2020<br></li></ul>', 'https://calendly.com/marshasyakib/mentoring-quarter-life-projects', NULL, NULL, '2021-11-24 08:19:23', '2021-11-24 09:20:33'),
(32, 'Patricia Cindy Isabell', 'patriciacindy1@gmail.com', NULL, '$2y$10$y75Y1xkOwIX43yFJa8iZSurgsrIfMUOPC.WfNzfp0CbXd2xoh0q8q', '1637770505.jpg', '1', 'https://www.linkedin.com/in/patriciacindyisabell/', 1, NULL, 'Halo! Yuk konsultasi kan permasalahan mu secepatnya!', 'Aku bersedia untuk mendengarkan permasalahan kamu dan memberikan perspektif yang berbeda dengen harapan untuk meringankan beban mu :)', 'Shoreline Community College (Diploma)<p>Pre-Psychology Major | 2nd Semester</p>', '1. Content Writer di Cermin Jiwa ID (November 2021-Sekarang)<p><br><p>Menulis konten seputar kesehatan mental dan akan diposting di feed instagram.</p><p>2. Peer Counselor di Convo Care ID (Augustus 2021-November 2021)</p><p>Menjadi pendengar yang baik terhadap permasalahan yang dialami klien melalui Line Official Account.</p><p>3. Tutor Bahasa Inggris di Carene ID (Juni 2021-September 2021)</p><p>Mengajar <i>grammar</i>&nbsp;dan membaca buku Inggris kepada murid-murid berusia 6-10 tahun, yang dimana membutuhkan perhatian khusus.</p><p><br></p><br></p>', NULL, 'https://calendly.com/patriciacindyy/mentoring', NULL, NULL, '2021-11-24 09:09:54', '2021-12-23 07:44:25'),
(33, 'Teuku Bilal Rizky', 'bilalteuku17@gmail.com', NULL, '$2y$10$gA4FQR27xalZPCuQHdDDc.QSDpoRhPfOsiES1SnA9H0HQyC2ADHP6', '1637772552.png', '15,41', 'https://www.linkedin.com/in/teukubilalrizky/', 26, NULL, 'Founder BINCANG BILAL   |   Certified National Trainer', '<span>BILAL is the Founder of BINCANG BILAL, a people development program.</span><br><br><span>Strong passioned in people development. Focused on helping people to develop their potential. Bilal with BINCANG BILAL came as a solution to prepare human resources as a long-term investment in human capital.</span><br><br><br><br><span>Bilal is a Certified National Trainer from BNSP and facilitator with more than 200 hours of virtual public speaking in 70+ webinar, he develops and delivers various topics, such as career preparation, interview simulation, virtual public speaking, webinar management, LinkedIn optimization, and personal branding.</span><br><br><span>As a People Development Coach, he helped more than 180 coachees by provided 470+ personal coaching session on career preparation, interview simulation, public speaking, Linkedin optimization and personal development.</span><br><br><br><br><span>Apart from holding classes in BINCANG BILAL, Bilal invited to 45+ webinars held by companies, communities, universities, schools and development programs as a guest speaker, and 9600+ participants registered in total.</span><br><br><span>Companies: Glints, Performa International, Kata.ai, Paradigm, SAFF Solution, BrainBox Creative, Cavlent, MatchKerja, Garuda Organizer</span><br><br><span>Communities: Rekruter Indonesia Bersatu, HariSenin.com, Qtalks Indonesia, Komunitas Guru, MedProject.co, Bergerak Berdampak</span><br><br><span>Universities and School: Universitas Syiah Kuala, Universitas Gadjah Mada, Univesitas Diponegoro, Universitas Airlangga, Universitas Gunadarma, STIE Mahardhika Surabaya, UIN Sunan Ampel Surabaya, SMA N 3 Metro Lampung, Universitas Al Azhar Indonesia</span><br><br><span>Development Program: Bicara Itu Mudah, Sekolah Karir, Upskilling.id, KarirCareIndonesia, Dialogika, QuBisa, SemuaBisa Indonesia, Be Global Indonesia, Youthstory, IYOIN, Nukeytalks, Bung Jhon Bertanya, Bicara Podcast, Brendink.id, Teras Rehat, Mentorin Indonesia, Quarter Life Projects, Latih.co</span><br>', '<span>Graduated with Economic Accounting Bachelor Degree from Universitas Syiah Kuala</span>', '<span>Bilal has professional working experience in human resources, marketing and business development, operation, food production and finance &amp; accounting.</span>', 'Certified National Trainer from BNSP', 'https://calendly.com/teukubilalrizky', NULL, NULL, '2021-11-24 09:42:16', '2022-02-01 03:29:10'),
(34, 'Firman Ridwan Petervan Siburian', 'firmanpetervan@gmail.com', NULL, '$2a$12$blqwCJONgBvLbFm8Y50ksuKqvj29fo7zOCciWYZkpBrL8YUdgkZl6', '1637778132.jpg', '1.5', NULL, 2, '4.8', 'Certified HR', 'Hi !<br><br>Perkenalkan nama aku Firman, aku mentor yang akan membantu problem yang kamu hadapi saat ini dalam mempersiapkan diri masuk ke dunia kerja. Kalo kamu mau cerita atau pengen dapat insight mengenai dunia kerja, kamu bisa mengisi jadwal konsultasi yang telah disediakan di website ini ya.<br><br>Topik yang bisa kamu tanyakan yaitu :<br>- Budaya perusahaan yang perlu kamu ketahui sebelum masuk ke dunia kerja<br>- Personal branding di dunia kerja<br>- CV/ Resume review untuk masuk ke dunia kerja<br>- Simulasi interview kerja<br>- Rencana pengembangan karir&nbsp;<br>- Serba serbi bekerja di dunia start-up company', '- Bachelor of Agriculture - Brawijaya University<br>- Certified Human Resource Professional - Atmajaya Catholic University of Indonesia', '- People and Operation<br>- Business Operation<br>- Education Consultant', NULL, 'https://calendly.com/firmanpetervan/mentoring-quarter-life-projects', NULL, NULL, '2021-11-24 10:58:55', '2021-12-01 09:04:20'),
(35, 'Ratih Palgunadi, WPPE', 'kemalapalguna@gmail.com', NULL, '$2y$10$K9ZV0zFpzH6jU0c57XNXPuurvOAJIrSEFKvN4u63/CuzJuqKWFkYi', '1637803253.jpg', '0', 'linkedin.com/in/diankemalaratihpalgunadi', 0, '-', 'Financial Literacy Mentor', '<p><br></p>', 'S1 Akuntansi Universitas Udayana', '<ul><li>Banking Supervision Intern Otoritas Jasa Keuangan KR 8 Bali Nusra Agustus - September 2021</li><li>Sales and Marketing Intern Financial Evolution (Lembaga Edukasi saham dan Konsultan Keuangan) Juli - November 2021</li></ul>', '<ul><li>Juara 2 Mahasiswa Berprestasi FEB Unud 2020</li><li>Juara 1 Business Case Competition 2020 UPN Veteran Ygy</li><li>Juara 2 Debat Jambore Kopma Nasional 2019</li><li>Berbagai Juara Menulis</li></ul>', 'https://calendly.com/ratihpalgunadi/mentoring-quarter-life-projects', NULL, NULL, '2021-11-24 18:01:00', '2021-11-24 18:44:39'),
(36, 'Rizhal Akbar Jaya Pratama', 'rizhalakbarr65@gmail.com', NULL, '$2y$10$BBDHuZL.DuqTZG7UqcUMce3LwmN84xQ4D9BJEC7MK/yYQjk4FndoC', '1637804267.jpg', '1', 'https://www.linkedin.com/in/rizhalakbar/', 1, '4.5', 'You are not alone, let\'s consult now', 'Hallo semuanya, perkenalkan Aku Rizhal yang akan menemani kamu sebagai jembatan untuk menemukan pilihan-pilihan yang tepat untuk mengatasi permasalahan kamu. Mari berteman dan sharing bersama.', '<p><b>Degree Program, Sebelas Maret\r\nUniversity, Surakarta, Indonesia </b></p>\r\n\r\n<p><i>Agrotechnology,\r\nAugust 2017 – June 2021<o:p></o:p></i></p>\r\n\r\n<p>GPA: 3.55 out of\r\n4.00</p>\r\n\r\n<p><!--[if !supportLists]-->·&nbsp;&nbsp;&nbsp;&nbsp;&nbsp;&nbsp;&nbsp;&nbsp;\r\n<!--[endif]-->Course: Entrepreneurship,\r\nBusiness Strategy Management, Business Communication, Data Analysis and others.<o:p></o:p></p>\r\n\r\n<p><!--[if !supportLists]-->·&nbsp;&nbsp;&nbsp;&nbsp;&nbsp;&nbsp;&nbsp;&nbsp;\r\n<!--[endif]-->Thesis research entitled <i>\"Study of growth and yield of black\r\nrice induced gamma rays of 100 gray generation M4 for drought resistance\".</i><o:p></o:p></p>\r\n\r\n<p><!--[if !supportLists]-->·&nbsp;&nbsp;&nbsp;&nbsp;&nbsp;&nbsp;&nbsp;&nbsp;\r\n<!--[endif]-->Presenter of the publication\r\nof scientific journals at the Internatioal Conference on Climate Change by UNS Post-Graduates\r\n(2021) entitled <i>\"Study on growth and\r\nyield of black rice M4 generation induced by 100 gamma-ray for drought resistance\".</i><o:p></o:p></p>', '<div>\r\n\r\n<p><b>WORK EXPERIENCE</b><o:p></o:p></p>\r\n\r\n</div>\r\n\r\n<p><b>Sebelas Maret\r\nUniversity, Surakarta<o:p></o:p></b></p>\r\n\r\n<p><b>&nbsp;Assistant Professor&nbsp;&nbsp;&nbsp;&nbsp;&nbsp;&nbsp;&nbsp;&nbsp;&nbsp;&nbsp;&nbsp;&nbsp;&nbsp;&nbsp;&nbsp;&nbsp;&nbsp;&nbsp;&nbsp;&nbsp;&nbsp;&nbsp;&nbsp;&nbsp;&nbsp;&nbsp;&nbsp;&nbsp;&nbsp;&nbsp;&nbsp;&nbsp;&nbsp;&nbsp;&nbsp;&nbsp;&nbsp;&nbsp;&nbsp;&nbsp;&nbsp;&nbsp;&nbsp;&nbsp;&nbsp;&nbsp;&nbsp;&nbsp;&nbsp;&nbsp;&nbsp;&nbsp;&nbsp;&nbsp;&nbsp;&nbsp;&nbsp;&nbsp;&nbsp;&nbsp;&nbsp;&nbsp;&nbsp;&nbsp;&nbsp;&nbsp;&nbsp;&nbsp;&nbsp;&nbsp;&nbsp;&nbsp;&nbsp;&nbsp;&nbsp;&nbsp;&nbsp;&nbsp;&nbsp;&nbsp;&nbsp;&nbsp;&nbsp;&nbsp;&nbsp;&nbsp;&nbsp;&nbsp;&nbsp;&nbsp;&nbsp;&nbsp;&nbsp;&nbsp;&nbsp;&nbsp;&nbsp;&nbsp; &nbsp;&nbsp;&nbsp;&nbsp;&nbsp;&nbsp;&nbsp;&nbsp;&nbsp;&nbsp;&nbsp;&nbsp;&nbsp;&nbsp;&nbsp;&nbsp;&nbsp;&nbsp;&nbsp;&nbsp;&nbsp;&nbsp;&nbsp; &nbsp;&nbsp;&nbsp; <i>&nbsp;&nbsp;&nbsp;&nbsp;&nbsp;&nbsp;&nbsp; &nbsp;&nbsp;&nbsp;&nbsp;&nbsp;&nbsp;&nbsp;&nbsp;&nbsp;(August 2020 to September 2021)<o:p></o:p></i></b></p>\r\n\r\n<p><!--[if !supportLists]-->·&nbsp;&nbsp;&nbsp;&nbsp;&nbsp;&nbsp;&nbsp;&nbsp;\r\n<!--[endif]-->Formulate, implement, report, and\r\nevaluate research &nbsp;related to the topic\r\nof black rice ecophysiology using T test data analysis through SPSS software.<o:p></o:p></p>\r\n\r\n<p><!--[if !supportLists]-->·&nbsp;&nbsp;&nbsp;&nbsp;&nbsp;&nbsp;&nbsp;&nbsp;\r\n<!--[endif]-->Actively participate in the preparation\r\nof budget reports, management of research activities, presentation of\r\npublication of research activities, and preparation and publication of lecturer\r\nbooks.The book has been published entitled \"Physiology of Abiotic\r\nEnvironment Of Cultivated Plants\".<o:p></o:p></p>\r\n\r\n<p><!--[if !supportLists]-->·&nbsp;&nbsp;&nbsp;&nbsp;&nbsp;&nbsp;&nbsp;&nbsp;\r\n<!--[endif]-->Complete various data administration,\r\nschedule research agenda or lecturer lectures, and mediate research guidance\r\nbetween students and lecturers.<o:p></o:p></p>\r\n\r\n<p><b>Technique\r\nskill:</b> MS. Office, Google Workspace, SPSS, and Corel Draw.<o:p></o:p></p>\r\n\r\n<p><b>Website dosenpertanian.com<o:p></o:p></b></p>\r\n\r\n<p><b>Content Writer &nbsp;&nbsp;&nbsp;&nbsp;&nbsp;&nbsp;&nbsp;&nbsp;&nbsp;&nbsp;&nbsp;&nbsp;&nbsp;&nbsp;&nbsp;&nbsp;&nbsp;&nbsp;&nbsp;&nbsp;&nbsp;&nbsp;&nbsp;&nbsp;&nbsp;&nbsp;&nbsp;&nbsp;&nbsp;&nbsp;&nbsp;&nbsp;&nbsp;&nbsp;&nbsp;&nbsp;&nbsp;&nbsp;&nbsp;&nbsp;&nbsp;&nbsp;&nbsp;&nbsp;&nbsp;&nbsp;&nbsp;&nbsp;&nbsp;&nbsp;&nbsp;&nbsp;&nbsp;&nbsp;&nbsp;&nbsp;&nbsp;&nbsp;&nbsp;&nbsp;&nbsp;&nbsp;&nbsp;&nbsp;&nbsp;&nbsp;&nbsp;&nbsp;&nbsp;&nbsp;&nbsp;&nbsp;&nbsp;&nbsp;&nbsp;&nbsp;&nbsp;&nbsp;&nbsp;&nbsp;&nbsp;&nbsp;&nbsp;&nbsp;&nbsp;&nbsp;&nbsp;&nbsp;&nbsp;&nbsp;&nbsp;&nbsp;&nbsp;&nbsp;&nbsp;&nbsp;&nbsp;&nbsp;&nbsp;&nbsp;&nbsp;&nbsp;&nbsp;&nbsp;&nbsp;&nbsp;&nbsp;&nbsp;&nbsp;&nbsp;&nbsp;&nbsp;&nbsp;&nbsp;&nbsp;&nbsp; &nbsp;&nbsp;&nbsp;&nbsp;&nbsp;&nbsp;&nbsp;&nbsp;&nbsp;&nbsp;&nbsp;&nbsp;&nbsp;&nbsp;&nbsp;&nbsp;&nbsp;&nbsp;&nbsp;&nbsp;&nbsp;&nbsp;&nbsp; <i>&nbsp;&nbsp;&nbsp;&nbsp;&nbsp;&nbsp;&nbsp;&nbsp;&nbsp;&nbsp;&nbsp;&nbsp;&nbsp;&nbsp;&nbsp;(March 2020 to August 2021)<o:p></o:p></i></b></p>\r\n\r\n<p><!--[if !supportLists]-->·&nbsp;&nbsp;&nbsp;&nbsp;&nbsp; <!--[endif]-->This\r\nwebsite focuses on agricultural and livestock materials in general to be\r\naccessible to students or the general public as learning materials.<o:p></o:p></p>\r\n\r\n<p><!--[if !supportLists]-->·&nbsp;&nbsp;&nbsp;&nbsp;&nbsp; <!--[endif]-->Maintain\r\na website, draw up an article content plan every month, write topics according\r\nto SEO and needs, write articles according to valid and relevant sources or\r\nreferences.The target of article content preparation every month is about 30 to\r\n40 articles.<o:p></o:p></p>\r\n\r\n<p><b>Technique\r\nskill:</b> Article writing, monthly planning, and SEO.<o:p></o:p></p>\r\n\r\n<div>\r\n\r\n<p><b>TEACHING EXPERIENCE</b><o:p></o:p></p>\r\n\r\n</div>\r\n\r\n<p><b>YES Institute Indonesia <o:p></o:p></b></p>\r\n\r\n<p><b>Mentor Authorship and Business Plan\r\n&nbsp;&nbsp;&nbsp;&nbsp;&nbsp;&nbsp;&nbsp;&nbsp;&nbsp;&nbsp;&nbsp;&nbsp;&nbsp;&nbsp;&nbsp;&nbsp;&nbsp;&nbsp;&nbsp;&nbsp;&nbsp;&nbsp;&nbsp;&nbsp;&nbsp;&nbsp;&nbsp;&nbsp;&nbsp;&nbsp;&nbsp;&nbsp;&nbsp;&nbsp;&nbsp;&nbsp;&nbsp;&nbsp;&nbsp;&nbsp;&nbsp;&nbsp;&nbsp;&nbsp;&nbsp;&nbsp;&nbsp;&nbsp;&nbsp;&nbsp;&nbsp;&nbsp;&nbsp;&nbsp;&nbsp;&nbsp;&nbsp;&nbsp;&nbsp;&nbsp;&nbsp;&nbsp;&nbsp;&nbsp;&nbsp;&nbsp;&nbsp;&nbsp;&nbsp;&nbsp;&nbsp;&nbsp;&nbsp;&nbsp;&nbsp;&nbsp;&nbsp;&nbsp;&nbsp;&nbsp;&nbsp;&nbsp;&nbsp;&nbsp;&nbsp;&nbsp;&nbsp;&nbsp;&nbsp;&nbsp;&nbsp;&nbsp;&nbsp;&nbsp;&nbsp;&nbsp;&nbsp;&nbsp;&nbsp;&nbsp;&nbsp;&nbsp;&nbsp;&nbsp;&nbsp;&nbsp;&nbsp;&nbsp;&nbsp;&nbsp;&nbsp;&nbsp;&nbsp; &nbsp;&nbsp;&nbsp;&nbsp;&nbsp;&nbsp;&nbsp;&nbsp;&nbsp;(<i>January\r\n2021 to present) </i></b><i><o:p></o:p></i></p>\r\n\r\n<p><!--[if !supportLists]-->·&nbsp;&nbsp;&nbsp;&nbsp;&nbsp;&nbsp;&nbsp;&nbsp;\r\n<!--[endif]-->Analyze student potential, draw up\r\nmentoring activity plans, recapitulate achievable targets, and report the\r\nresults of mentoring and evaluation activities to the CEO.<o:p></o:p></p>\r\n\r\n<p><!--[if !supportLists]-->·&nbsp;&nbsp;&nbsp;&nbsp;&nbsp;&nbsp;&nbsp;&nbsp;\r\n<!--[endif]-->Provide intense guidance with topics\r\ncovered around how to build problem analysis, problem completion, drafting ideas\r\nand proposals, public speaking training and good presentation techniques.<o:p></o:p></p>\r\n\r\n<p><b>Technique\r\nskills:</b> Mentoring, Consulting, and Public speaking.<b><o:p></o:p></b></p>\r\n\r\n<p><b>Bimbingan Belajar Super Brilian,&nbsp; Surakarta<o:p></o:p></b></p>\r\n\r\n<p><b>&nbsp;Math Tutor&nbsp;&nbsp;&nbsp;&nbsp;&nbsp;&nbsp;&nbsp;&nbsp;&nbsp;&nbsp;&nbsp;&nbsp;&nbsp;&nbsp;&nbsp;&nbsp;&nbsp;&nbsp;&nbsp;&nbsp;&nbsp;&nbsp;&nbsp;&nbsp;&nbsp;&nbsp;&nbsp;&nbsp;&nbsp;&nbsp;&nbsp;&nbsp;&nbsp;&nbsp;&nbsp;&nbsp;&nbsp;&nbsp;&nbsp;&nbsp;&nbsp;&nbsp;&nbsp;&nbsp;&nbsp;&nbsp;&nbsp;&nbsp;&nbsp;&nbsp;&nbsp;&nbsp;&nbsp;&nbsp;&nbsp;&nbsp;&nbsp;&nbsp;&nbsp;&nbsp;&nbsp;&nbsp;&nbsp;&nbsp;&nbsp;&nbsp;&nbsp;&nbsp;&nbsp;&nbsp;&nbsp;&nbsp;&nbsp;&nbsp;&nbsp;&nbsp;&nbsp;&nbsp;&nbsp;&nbsp;&nbsp;&nbsp;&nbsp;&nbsp;&nbsp;&nbsp;&nbsp;&nbsp;&nbsp;&nbsp;&nbsp;&nbsp;&nbsp;&nbsp;&nbsp;&nbsp;&nbsp;&nbsp;&nbsp;&nbsp;&nbsp;&nbsp;&nbsp;&nbsp;&nbsp;&nbsp;&nbsp;&nbsp;&nbsp;&nbsp;&nbsp;&nbsp;&nbsp;&nbsp;&nbsp;&nbsp;&nbsp;&nbsp;&nbsp;&nbsp;&nbsp;&nbsp;&nbsp;&nbsp;&nbsp;&nbsp;&nbsp;&nbsp;&nbsp;&nbsp;&nbsp;&nbsp;&nbsp;&nbsp; &nbsp;&nbsp;&nbsp;&nbsp;&nbsp;&nbsp;&nbsp;&nbsp;&nbsp;&nbsp;&nbsp;&nbsp;&nbsp;&nbsp;&nbsp;&nbsp;&nbsp;&nbsp;&nbsp;&nbsp;&nbsp; <i>(February 2018 to August 2021)<o:p></o:p></i></b></p>\r\n\r\n<p><!--[if !supportLists]-->·&nbsp;&nbsp;&nbsp;&nbsp;&nbsp;&nbsp;&nbsp;&nbsp;\r\n<!--[endif]-->Teach with the main program, namely the\r\nprovision of materials, Q&amp;A of student problems, and sharing sessions of tutor\r\nlife or self-motivation.<o:p></o:p></p>\r\n\r\n<p><!--[if !supportLists]-->·&nbsp;&nbsp;&nbsp;&nbsp;&nbsp;&nbsp;&nbsp;&nbsp;\r\n<!--[endif]-->Maintain and develop learning methods\r\nand curriculum that are in accordance with the problems of student guidance.<o:p></o:p></p>\r\n\r\n<p><b>Technique\r\nskill:</b> Training and education, analysis skill, development\r\nprogram.<o:p></o:p></p>\r\n\r\n<p><b>Laboratory of the Department of\r\nAgrotechnology, Faculty of Agriculture, UNS<o:p></o:p></b></p>\r\n\r\n<p><b>&nbsp;Co Asisstant Practicum &nbsp;&nbsp;&nbsp;&nbsp;&nbsp;&nbsp;&nbsp;&nbsp;&nbsp;&nbsp;&nbsp;&nbsp;&nbsp;&nbsp;&nbsp;&nbsp;&nbsp;&nbsp;&nbsp;&nbsp;&nbsp;&nbsp;&nbsp;&nbsp;&nbsp;&nbsp;&nbsp;&nbsp;&nbsp;&nbsp;&nbsp;&nbsp;&nbsp;&nbsp;&nbsp;&nbsp;&nbsp;&nbsp;&nbsp;&nbsp;&nbsp;&nbsp;&nbsp;&nbsp;&nbsp;&nbsp;&nbsp;&nbsp;&nbsp;&nbsp;&nbsp;&nbsp;&nbsp;&nbsp;&nbsp;&nbsp;&nbsp;&nbsp;&nbsp;&nbsp;&nbsp;&nbsp;&nbsp;&nbsp;&nbsp;&nbsp;&nbsp;&nbsp;&nbsp;&nbsp;&nbsp;&nbsp;&nbsp;&nbsp;&nbsp;&nbsp;&nbsp;&nbsp;&nbsp;&nbsp;&nbsp;&nbsp;&nbsp;&nbsp;&nbsp;&nbsp;&nbsp;&nbsp;&nbsp;&nbsp;&nbsp;&nbsp;&nbsp;&nbsp;&nbsp;&nbsp;&nbsp;&nbsp;&nbsp;&nbsp;&nbsp;&nbsp;&nbsp;&nbsp;&nbsp;&nbsp;&nbsp;&nbsp;&nbsp;&nbsp;&nbsp;&nbsp;&nbsp; &nbsp;&nbsp;&nbsp;&nbsp;&nbsp;&nbsp;&nbsp;&nbsp;&nbsp;&nbsp;&nbsp;&nbsp;&nbsp;&nbsp;&nbsp;&nbsp;&nbsp;&nbsp;&nbsp;&nbsp;<i>(January 2019 to December 2020)</i><o:p></o:p></b></p>\r\n\r\n<p><!--[if !supportLists]-->·&nbsp;&nbsp;&nbsp;&nbsp;&nbsp;&nbsp;&nbsp;&nbsp;\r\n<!--[endif]-->Create activity schedule plans, budget\r\nfunds, manuals, practicum report formats, and jobdesk sharing.<o:p></o:p></p>\r\n\r\n<p><!--[if !supportLists]-->·&nbsp;&nbsp;&nbsp;&nbsp;&nbsp;&nbsp;&nbsp;&nbsp;\r\n<!--[endif]-->Deliver practicum technical guidance\r\nsessions to 200 – 250 students on topics of agrotechnology, seed technology,\r\nannual crop, and tissue culture.Facilitate knowledge development and problem\r\nsolving through group work and FGD.<o:p></o:p></p>\r\n\r\n<p><!--[if !supportLists]-->·&nbsp;&nbsp;&nbsp;&nbsp;&nbsp;&nbsp;&nbsp;&nbsp;\r\n<!--[endif]-->Report the results of practicum\r\nactivities, budget reports, practicing reports, and the final grade results of\r\nstudent practicums to workers and lecturers.<o:p></o:p></p>\r\n\r\n<p><b>Technique\r\nskill:</b> Micro teaching, review reports, agricultural\r\ncultivation and biotechnology.<o:p></o:p></p>\r\n\r\n<div>\r\n\r\n<p><b>INTERNSHIP EXPERIENCE</b><o:p></o:p></p>\r\n\r\n</div>\r\n\r\n<p><b>Balai Penelitian\r\nTanaman Industri dan Penyegar<o:p></o:p></b></p>\r\n\r\n<p><b>Tissue Culture &amp; Biotechnology\r\nLaboratory Internship  (Unpaid)&nbsp;&nbsp;&nbsp;&nbsp;&nbsp;&nbsp;&nbsp;&nbsp;&nbsp;&nbsp;&nbsp;&nbsp;&nbsp;&nbsp;&nbsp;&nbsp;&nbsp;&nbsp;&nbsp;&nbsp;&nbsp;&nbsp;&nbsp;&nbsp;&nbsp;&nbsp;&nbsp;&nbsp;&nbsp;&nbsp;&nbsp;&nbsp;&nbsp;&nbsp;&nbsp;&nbsp;&nbsp;&nbsp;&nbsp;&nbsp;&nbsp;&nbsp;&nbsp;&nbsp;&nbsp;&nbsp;&nbsp;&nbsp;&nbsp;&nbsp;&nbsp;&nbsp;&nbsp;&nbsp;&nbsp;&nbsp; &nbsp;&nbsp;&nbsp;&nbsp; &nbsp;&nbsp;&nbsp;&nbsp;&nbsp;&nbsp;&nbsp;&nbsp;&nbsp;&nbsp;&nbsp;&nbsp;&nbsp;<i>(January to February 2020)<o:p></o:p></i></b></p>\r\n\r\n<p><!--[if !supportLists]-->·&nbsp;&nbsp;&nbsp;&nbsp;&nbsp;&nbsp;&nbsp;&nbsp;\r\n<!--[endif]-->Participate in activities initiated by\r\nthe Hall, budgeting / laboratory activity reports, and checking needs, damage,\r\nproblems, and activities in the laboratory.<o:p></o:p></p>\r\n\r\n<p><!--[if !supportLists]-->·&nbsp;&nbsp;&nbsp;&nbsp;&nbsp;&nbsp;&nbsp;&nbsp;\r\n<!--[endif]-->Make observations and report the results\r\nof characterization activities of 20-25 pieces of cocoa (inside and outside)\r\nevery day to researchers or technicians in accordance with procedures and\r\ncriteria by hall rules.<o:p></o:p></p>\r\n\r\n<p><!--[if !supportLists]-->·&nbsp;&nbsp;&nbsp;&nbsp;&nbsp;&nbsp;&nbsp;&nbsp;\r\n<!--[endif]-->Plan, research, implement, and maintain\r\nmini projects related to the growth of cocoa callus in 2-3 laboratory blocks,\r\n20 cocoa trees in the garden, and sunan hazelnut in greenhouses.<o:p></o:p></p>\r\n\r\n<p><b>Technique\r\nskill:</b> Biotechnology and administration.<o:p></o:p></p>', '<p><!--[if !supportLists]-->·&nbsp;&nbsp;&nbsp;&nbsp;&nbsp;&nbsp;&nbsp;&nbsp;\r\n<!--[endif]-->1st Winner of LKTI Munastani (2019)\r\nSunan Gunung Djati FORMATANI University. Title of the work <i>\"Soperku: educational information system for website-based urban\r\nagriculture management through triple helix collaboration as a solution to\r\nurban land transfer\".<o:p></o:p></i></p>\r\n\r\n<p><!--[if !supportLists]-->·&nbsp;&nbsp;&nbsp;&nbsp;&nbsp;&nbsp;&nbsp;&nbsp;\r\n<!--[endif]-->1st Winner/ Gold Medal in the Japan\r\nDesign, Idea, and Invention Exhibiton (2019). Title of the work <i>\"Bongi: Mosquito killer\". <o:p></o:p></i></p>\r\n\r\n<p><!--[if !supportLists]-->·&nbsp;&nbsp;&nbsp;&nbsp;&nbsp;&nbsp;&nbsp;&nbsp;\r\n<!--[endif]-->1st Winner in the Green Campus\r\nCompetition, Universitas Sebelas Maret (2020) with the work <i>\"Design of the development of green\r\ncampus programs in campus waste management\".<o:p></o:p></i></p>\r\n\r\n<p><!--[if !supportLists]-->·&nbsp;&nbsp;&nbsp;&nbsp;&nbsp;&nbsp;&nbsp;&nbsp;\r\n<!--[endif]-->2nd Winner in the Call For Innovation\r\nCompetition (2021) organized by PPI Dunia with the title <i>\"Digital platform empowerment as an effort to build the quality of\r\nindependent and innovative farmers\".<o:p></o:p></i></p>', 'https://calendly.com/rizhalakbarr65/mentoring-personal-development', NULL, NULL, '2021-11-24 18:14:46', '2021-11-28 19:10:28'),
(37, 'Marsella Silvia', 'marsellaslv@gmail.com', NULL, '$2y$10$6P8YFX1z7L6SRariut2Mj.VDAbmGC4O6aWt4ikmb/KeWs0T./lOfK', '1637804605.png', '3.25', 'https://www.linkedin.com/in/marsellasilvia/', 2, '5.0', 'XL Future Leaders Awardee Batch 10', '<p>I am a motivated third-year student from Bandar Lampung University majoring in Business Management and have a passion for Marketing.&nbsp;</p><p><span style=\"font-size: 0.9rem;\">I’ve been focused on getting good grades throughout my school years, which resulted in me getting 3.92 on my GPA. By joining several organizations and courses, I’ve been well equipped by creative thinking. Thus, it helps me a lot in developing marketing strategy, especially when it comes to social media and content marketing.</span></p><p>I have a deep interest in learning about digital marketing and being a part of an organization to impact society. I am a lifelong learner who welcomes any opportunities that will help me to always have a growth mindset.</p>', 'Universitas Bandar Lampung - Management<p><br></p>', '<blockquote><ol><li>Social Media Apprentice at Skill Up</li><li>Social Media Strategist at Quarter Life Projects</li><li>Social Media Specialist at Narc Executive</li></ol></blockquote>', NULL, 'https://calendly.com/marsella-silvia/mentoring-quarter-life-projects', NULL, NULL, '2021-11-24 18:32:51', '2021-11-25 19:30:48'),
(1001, 'Jenia Villa Hapsari, S.Si', 'jeniahapsari14@gmail.com', NULL, '$2y$10$4wcHLLBmRcIAMaZfkUrQqOzQSRE0ccZEQSDOVRvtGHyReBU8jd9J.', '1637907061.jpg', '0.5', 'https://www.linkedin.com/in/jeniavillahapsari/', 1, '5', 'Founder Belajar Quy | Education Enthusiast', '<p>Jenia is a fresh graduate from the University of Indonesia, Faculty of Mathematics and Natural Sciences, with a focus on Chemistry. Apart from her desire to become a scientist, Jenia is a very curious digital marketing person who loves to experiment in the field of digital marketing. This is the basis for Jenia to build a start-up that is engaged in education and hopes that this project will help advance the education of all students to the best of their ability.</p><p>Starting from her desire to share knowledge through the platform she created, she proved that she could build the project well so that she was named the Most Innovative Women in Education 2021.</p><p>With all the abilities and beliefs she has, she hopes to share her knowledges with everyone, especially to those who always want to learn and motivate themselves. So, let\'s start sharing and let\'s be friend :)<br></p>', '<p><b>Universitas Indonesia -&nbsp;</b><span style=\"font-size: 0.9rem;\">Bachelor of Science, Chemistry (2017-2021)</span></p><p><o:p></o:p></p><p>Courses:</p><p></p><ul><li>The Hong Kong Polytechnic University (Industry 4.0: How to Revolutionize your Business)</li><li>Harvard University (Science &amp; Cooking: From Haute Cuisine to Soft Matte Science - Chemistry)</li></ul>', '<b>Founder &amp; CEO</b><blockquote>Belajar Quy<i>&nbsp;&nbsp;</i>| Jun 2020 - present</blockquote><b>Business Development</b><br><blockquote>Harisenin.com<i>&nbsp;&nbsp;</i>| Oct 2021 - present</blockquote><p><o:p></o:p></p><p><o:p></o:p></p>', '<ul><li>Most Innovative Women in Education Award 2021</li><li>2nd Winner at Technology and Science in Life Competition</li><li>Top 5 of Industrial Smart Challenge</li><li>2nd Winner at Chemistry Fantastic Quiz</li><li>Awardee of Karawang Cerdas Scholarship 2019 &amp; 2020</li><li>Quarter Finalist at Chemistry Fair UI</li></ul>', 'https://calendly.com/jeniavillahapsari/mentoring-quarter-life-projects', NULL, NULL, '2021-11-25 22:36:24', '2021-12-01 01:21:15'),
(1002, 'Thalia Asihra Purwanto, S.Psi', 'thaliaasihra@gmail.com', NULL, '$2y$10$O5TNkxm92ZvvkimM4aQ4ZeDEj8iv.6fcEPxHkh/d/ubxeMLdaDjCa', '1637922072.jpg', '0', 'https://www.linkedin.com/in/thalia-asihra-purwanto/', 0, NULL, NULL, NULL, 'Sarjana Psikologi Universitas Gadjah Mada', 'Human Resources Development', 'Astra 1st Scholarship &amp; Development Program batch 9 | Duta Psikologi Positif 2019', NULL, NULL, NULL, '2021-11-26 03:17:54', '2021-11-26 03:26:22'),
(1003, 'Thobias Tantra Koeswara', 'thobiastantra19@gmail.com', NULL, '$2y$10$HLN4gT42ZgZgMVKlSCDlyeaVBgAzGePPK9NZcY//rVJcU1DKWKw7u', '1637943770.jpg', '0', NULL, 0, NULL, 'LAMPAUI BATASMU DAN SAING LAWANMU, Let\'s consult with me', '<p>Hai semuanya, Saya merupakan Mahasiswa Farmasi Institut Teknologi Sumatera, selain menjadi seorang Mahasiswa, saya pun senang sekali berorganisasi dan mengikuti kegiatan kampus maupun luar kampus&nbsp;</p>', '<ol><li>SDN 1 GUNUNG MADU</li><li>SMP SATYA DHARMA SUDJANA</li><li>SMAN 5 METRO</li><li>INSTITUT TEKNOLOGI SUMATERA</li></ol>', '<ol><li>Asisten Praktikum Kimia Dasar (2020-sekarang)</li><li>Mentor Kepo Jurusan (2021)</li><li>Pelayan Apotek Ar-Raya (2021)</li></ol>', '<ol><li>Mekhanai 2 Kabupaten Lampung Tengah 2019</li><li>Runner Up 2 Duta Kampus ITERA 2020</li><li>Runner&nbsp; Up 2 Putra Pariwisata Lampung 2020</li></ol>', 'https://calendly.com/thobiastantra19/mentoring-quarter-life-projects-thobias', NULL, NULL, '2021-11-26 08:46:06', '2021-11-26 09:35:09'),
(1004, 'Adjie Dzikry Firdausi', 'adjiedzikry@gmail.com', NULL, '$2y$10$9XFb1g1tWMMjQdqjNYMi3uGFTMHQOhb9V4LBAFBp5.3VqwL8Nu4.C', '1637987184.jpg', '17', 'https://www.linkedin.com/in/adjiedzikry/', 15, '4.8', 'Certified Excel Associate', '<span>Hi! My name is Adjie Dzikry Firdausi. I am an accounting student at Universitas Negeri Semarang. I am interested in data and finance field. I have a desire to become a Finance Specialist, Public Accountant, and Data Analyst. In addition, I have skills and proficient in using Microsoft Office Tools especially for Microsoft Excel (Certified).</span><br><br><span>I am currently developing my skills in data field. The specific ability that currently I have is being able to manage and present data into visualization to be used of making decisions or processing further. Related to the finance field, I had internship experience as an Administrative Officer and Staff Accountant. I also received private training to take the Microsoft Office Specialist (Excel Associate) certification.</span>', '<b>Universitas Negeri Semarang</b><p></p><p>Bachelor\'s degree, Accounting, GPA 3.73</p><p>2019-2023</p><p><b>SMA Negeri 1 Pemalang</b><o:p></o:p></p><p></p><p>\r\n\r\n</p><p>Social Science<o:p></o:p></p><p>2016-2019</p>', '<p><b>Sayurkoe (Internship) | October&nbsp;2021 –\r\nPresent</b><br>\r\n<i>Staff Accountant<o:p></o:p></i></p><p>● Recap and input daily income and expenses based on notes<br>● Responsible for making daily, weekly, and monthly sales report<br>● Create a general ledger system to calculate monthly profit / loss on transactions<br>● Collaborate with digital marketing division to create attractive promos<br>● Updating price list items relevant to current prices<i><br></i></p><p><b>ALS Course (Internship)</b> <b>|&nbsp;September&nbsp;2021&nbsp;–&nbsp;November 2021</b><br><i>Administrative Officer</i><br></p><p>● Responsible for all ALS administration, such as correspondence and documents archiving<br>● Manage more than 1000 contacts with Microsoft Excel in preparation for broadcasting<br>● Automating broadcasts via Whatsapp extension as a marketing strategy<br>● Collaborate with marketing department to create exciting events<i><br></i></p>', '<p>3rd Winner of Microsoft Office Specialist National Championship 2021</p>', 'https://calendly.com/adjiedzikry/improve-your-excel-skills-from-basic-to-certified', NULL, NULL, '2021-11-26 19:10:06', '2022-01-12 06:46:56'),
(1005, 'Kirine Floria', 'kirine88floria@gmail.com', NULL, '$2y$10$MjvYIDclfVX1HQCWQ0oegukT6HMILDkZrRHhq3oT/yKCciNen2PWm', '1637990927.jpg', '1.5', 'https://www.linkedin.com/in/kirine-floria-budianto-027633191/', 2, NULL, 'Business Case Competitions | Kampus Merdeka Awardee | Believes in Power of Mentoring', 'Hi! I\'m Kirine, nice to e-meet you! A little about me, I am really an Art &amp; Music enthusiast who believes in youth\r\nempowerment, and the influence of mentoring. I also value economics at all scope. I am here to develop one of my passion, by sharing what I know that might help you!', 'S1 Branding Universitas Prasetiya Mulya', '<ul><li>UAIP Marketing Intern at Unilever Indonesia</li><li>Public Relations Intern at Karya Musik Indonesia</li><li>Introduction to Microeconomics Tutor at Tutorku</li></ul>', '<ul><li>Juara 1 Marketing Competition The 6th Management Euphoria Institut Pertanian Bogor</li><li>Juara 1 Tarumanagara Business Case Competition Immanta Universitas Tarumanagara</li><li>Juara 1 Petrolida International Business Case Competition SPE Institut Teknologi Sepuluh Nopember</li><li>Juara 2 The 12th Enfution Diponegoro Business Case Competition Universitas Diponegoro</li><li>Top 10 Kelontong Business Challenge Sampoerna Retail Community x IDN Times</li></ul>', 'https://calendly.com/kirinefloria/mentoringsession', NULL, NULL, '2021-11-26 22:17:54', '2021-12-14 08:22:23'),
(1006, 'Lidia Mutiara Canthika', 'canthikamutiaralidia@gmail.com', NULL, '$2y$10$CLAxnk3YBGGFYwlYiPL3IOEiMjYKIALSXhIw9CmQO0UcQz6ZKTynW', '1638004885.jpg', '0', NULL, 0, NULL, 'Peduli keseimbangan kognitif dan emosi', 'Peduli <i>mental health,</i>&nbsp;pendidikan,&nbsp; kesetaraan gender, dan kesejahteraan satwa.', 'S1 Pendidikan Luar Sekolah - Universitas Negeri Malang', '- Vice leader Komunitas 1% Jawa Timur Batch 7<p>- Kajian riset Rumah Disabilitas</p>', '- Peserta LKMI Cerpen 2021<p>- Peserta FLS2N Cipta Puisi 2015</p>', 'https://calendly.com/lidiamutiara', NULL, NULL, '2021-11-27 02:12:44', '2021-11-27 03:43:06'),
(1009, 'Quarter Life Projects', 'qlp@gmail.com', NULL, '$2y$10$zJNHTRdLz.cZebV2mLSkmulr88dPQfMo24Uvl9PP/G4DtNWdMuSKG', NULL, '0', NULL, 0, '-', NULL, NULL, NULL, NULL, NULL, NULL, NULL, NULL, '2021-11-27 02:46:47', '2021-11-27 02:46:47'),
(1010, 'Dinda Marlischa', 'dmarlischa@gmail.com', NULL, '$2y$10$tgEAqCzC9OF0hIoU18uayOoIwSxYwN3hAa6RWZVz2YVpoC8WE3.92', '1638069496.jpg', '0', 'https://www.linkedin.com/in/dinda-marlischa-8a1800193/', 0, NULL, 'Duduk dulu, yuk cerita. Kamu ga sendirian!', 'Aku adalah teman yang akan mendengarkan ceritamu. Selayaknya teman yang baik, aku tidak menghakimi dan berusaha memahami masalahmu.&nbsp;', 'S1 Ilmu Komunikasi Universitas Sebelas Maret', 'Community Development Officer at Sekolah.mu (Agustus 2021 - sekarang)<p></p><p>Live Class Speaker at Quipper Indonesia (Juni 2021 - sekarang)</p><p>Partnership Specialist at CESGS Universitas Airlangga (Januari - September 2021)</p><p>Public Relation Mentor at Magang Update (September 2020)</p><p>Marketing Project Management Intern at Shopee Indonesia (Oktober 2020 - April 2021)</p><p>Event Management Intern at Ibunda.id (Juli - September 2020)</p><p>Public Relation Intern at GEN FM (Januari - Maret 2020)</p><p></p>', NULL, 'https://calendly.com/dmarlischa/mentoring-social-relation', NULL, NULL, '2021-11-27 19:44:08', '2021-11-27 20:40:21'),
(1011, 'Khatarina Mada Regita Cahya Kusuma', 'Khatarinamada.1891@gmail.com', NULL, '$2y$10$Og82G0wesNThCbjIrJL3TevULFplXVU4NmXwSbGJPN1UXssfMp1iO', '1638240658.jpg', '1,5', 'https://www.linkedin.com/in/khatarina-mada', 0, NULL, 'Founder Indonesia Pintar|Sustainability Leadership Global and Asia Insight', '<p>I am a undergraduate student majoring in Chemistry from Universitas Indonesia. I`m Founder Indonesia Pintar.&nbsp;<span style=\"font-size: 0.9rem;\">Indonesia Pintar is a Non-Governmental Organization that focuses education children\'s, character education &amp; economy creative. I have interests in environmental &amp; energy, especially in sustainable energy. Experienced in Managing Projects, Creative Director Internship, leading and creating workshops and digital platforms, mapping communities for a specific and thematic campaign</span></p>', '- Undergraduate Chemistry Stundent in Univesitas Indonesia<p>-&nbsp; Biochemistry 1 Global Korea E-course program in Dankook University</p><br>', '-&nbsp;<span>Director of Program Women UI KRP Training Srikandi BUMN and Indonesia Business Coalition (IBCWE)</span><span></span><p>- Founder Indonesia Pintar</p><p>-&nbsp;Sustainability Leadership Global and Asia Insight</p><p>- Executive Management Assistant Internship Womevestor Indonesia ( 2020)</p>', '-&nbsp;<span>3rd Place Winner of Nasional Essay Competition for Himpunan Mahasiswa Administrasi Bisnis Politeknik Negeri Semarang</span><p>-Indonesiaan Delegate In International Model United Nations Conference</p><p>-&nbsp;Top 10 National Business Competition FMIPA Universitas Negeri Semarang</p><p><o:p></o:p></p><p><span></span></p><p><o:p></o:p></p>', NULL, NULL, NULL, '2021-11-29 19:14:23', '2021-11-29 20:06:03'),
(1012, 'Griselda Jane', 'gj.preschooluniversity@gmail.com', NULL, '$2y$10$r2XNbII3cozpevwcm5yinelaBrLlAzRDACC2AQgn53j/gAtHRrjgu', '1639566698.jpg', '0', 'http://linkedin.com/in/griseldajane', 0, NULL, 'Lifelong Learner | School Director, Lecturer, Teacher, Business Enthusiast', NULL, 'Atma Jaya Catholic University of Indonesia | BA in Psychology&nbsp;<br>The University of Sheffield | MA in Early Childhood Education', 'Founder, <b>Tentram Hati Centre</b>, Jakarta, Indonesia – June 2021 – present\r\n<br>A Centre supporting Families and Schools, providing knowledge and practical guide\r\nthrough Webminar, Early Childhood Stimulation Program, and Psychological Assessment.\r\n<br><br>School Director, <b>Sekolah Hati Suci</b>, Jakarta, Indonesia – June 2021 – present\r\n<br>An established non-profit school at Tanah Abang, opened since 1952.&nbsp; The school has kindergarten to high school level education, providing stellar education for children through play - project based learning and character development.&nbsp;<br><br>Part-time Lecturer in Psychology Department, <b>Atma Jaya Catholic University of Indonesia</b>,\r\nJuly 2017 – present\r\n<br>Part-time Lecturer in Education Department, Atma Jaya Catholic University of Indonesia,\r\nJanuary 2018 – present&nbsp;<br>Part of the lecturing team in the Psychology and Education Department at the\r\nAtma Jaya Catholic University of Indonesia. My responsibilities are creating the teaching\r\nsyllabus, working in a team to plan the lecture, lecturing, and grading students’ works.&nbsp;', 'LPDP Awardee | PK 36<br><br><br>', 'https://calendly.com/griseldajane/mentoring', NULL, NULL, '2021-12-15 04:00:28', '2021-12-22 03:41:48'),
(1013, 'Audie Ihza Salsabilla', 'salsabillaaudie@gmail.com', NULL, '$2y$10$aRyLquHj5NqmHYH/pFniDOxgOjIPW7TOCsKCtsTo3M1nAWhSS931K', '1642576434.jpg', '0', 'https://www.linkedin.com/in/audisa/', 0, NULL, 'Aspire to help and inspire people', '<span>I\'m a 22 years old undergraduate dental student of Universitas Gadjah Mada. I’ve always been interested in the personal development field, especially public speaking, public relations, and personal branding as they all sort of come in one package. My whole life, I\'ve been actively involved in competitions, events, organizations, and platforms that require me to excel in those set of skills. I enjoy doing MC, being a moderator, a guest speaker, being a representative or an ambassador for my organizations, corporation, or companies I’ve worked in. From all the experiences, the books, the classes, the people I encountered throughout my life, they all teach me priceless lessons that I cherish every single day. It’s always been my aspiration in life to be able to inspire people and share those valuable lessons in the area that I am most passionate about. If you have any willingness or curiosity to learn about public speaking, I’m here to assist you from the very first journey of yours. I’d love to listen to your concerns and I’d be happy to help you figure the way out. </span>', '<span><p dir=\"ltr\">Undergraduate Student of Faculty of Dentistry Universitas Gadjah Mada</p>Activities : Dental Anatomy Laboratory Assistant of Faculty of Dentistry UGM, Manager of Community Partnership of AIESEC in UGM, Member of UGM MUN Community, Vice External of Networking Department of BEM KM FKG UGM, Head Department of External Relation Gadjah Mada Salatiga (GAMATIGA)</span>', '<span><ul><li dir=\"ltr\" aria-level=\"1\"><p dir=\"ltr\" role=\"presentation\">Laboratory Assistant of the Faculty of Dentistry Universitas Gadjah Mada | 2020 - Present</p></li><li dir=\"ltr\" aria-level=\"1\"><p dir=\"ltr\" role=\"presentation\">Coach of AIESEC Future Leader Program by AIESEC in UGM | 2021 - Present</p></li><li dir=\"ltr\" aria-level=\"1\"><p dir=\"ltr\" role=\"presentation\">Ambassador of LEADS Indonesia Non-Governmental Organization | 2021 - Present</p></li><li dir=\"ltr\" aria-level=\"1\"><p dir=\"ltr\" role=\"presentation\">Ambassador of Pemimpin Indonesia Organization | 2021 - Present</p></li><li dir=\"ltr\" aria-level=\"1\"><p dir=\"ltr\" role=\"presentation\">Ambassador of Touche Development Center | 2021</p></li><li dir=\"ltr\" aria-level=\"1\"><p dir=\"ltr\" role=\"presentation\">Intern at Inisiatif MAMPU Organization | 2020</p></li></ul></span>', '<span><ul><li dir=\"ltr\" aria-level=\"1\"><p dir=\"ltr\" role=\"presentation\">2021 – Awardee of “Beasiswa Tugas Akhir” Dato Dr. Low Tuck Kwong &amp; Purnomo Yusgiantoro Center Scholarship</p></li><li dir=\"ltr\" aria-level=\"1\"><p dir=\"ltr\" role=\"presentation\">2020 – Delegate of UNEP in ITB Model United Nation (MUN) held by Bandung Technology Institute with theme of “Bridging the Multipolar Universe through Technology”&nbsp;</p></li><li dir=\"ltr\" aria-level=\"1\"><p dir=\"ltr\" role=\"presentation\">2019 – Delegate of WHO in AMSA UNPAD Model United Nation (MUN) held by Padjadjaran University with theme of “Achieving Universal Health Coverage”&nbsp;</p></li><li dir=\"ltr\" aria-level=\"1\"><p dir=\"ltr\" role=\"presentation\">2017 – First Winner of Speech Competition in Communicative English Club (CEC) Festival by Institute for Islamic Studies Salatiga with Theme “Global Insight asThe Spirit of Nationalism”&nbsp;&nbsp;</p></li><li dir=\"ltr\" aria-level=\"1\"><p dir=\"ltr\" role=\"presentation\">2017 – First Winner of Speech Competition in the 7th ALSA English Festival Held by Asian Law Students’ Association LocalChapter Diponegoro University Semarang&nbsp;&nbsp;</p></li><li dir=\"ltr\" aria-level=\"1\"><p dir=\"ltr\" role=\"presentation\">2017 – Participant in Speech Competition of Executive Committee of International Relations English Competition (IREC) Held by Department of International Relations of Universitas Gadjah Mada with Theme “Enhancing Human Protection Through International Cooperation”&nbsp;</p></li><li dir=\"ltr\" aria-level=\"1\"><p dir=\"ltr\" role=\"presentation\">2017 – First Winner of TENTION Speech Competition Held by Medical Faculty of UNISSULA Semarang with Theme “Better English For A Better Future”&nbsp;&nbsp;</p></li><li dir=\"ltr\" aria-level=\"1\"><p dir=\"ltr\" role=\"presentation\">2017 – First Winner of HECTION Speech Competition Held by Polytechnic English Conversation Club (PECC) Politeknik Negeri Semarang with Theme “Carnival of Ideas” </p></li></ul></span>', 'https://calendly.com/audisa/mentoring-quarter-life-projects', NULL, NULL, '2021-12-28 09:23:19', '2022-01-19 00:13:54'),
(1014, 'Andria Puspa', 'aandriapuspa@gmail.com', NULL, '$2y$10$3tvpS4g16LNAu2OM7d7cC.x3YhT/.oMVAqlOaTMLA2DIjqT3lvtvS', '1641984078.jpg', '0', 'https://www.linkedin.com/in/andriapuspa/', 0, NULL, 'Co-Head of Creative Education, Green Welfare Indonesia | XL Axiata Future Leaders Batch 9 Awardees | Creative Manager at Radithé Natural', '<p dir=\"ltr\">Success for me is being able to reflect both my personal and professional goals in what I do. I believe in the power of grow by growing others. Hence, it leads me to involved in several social project, event, and organization not only to obtain more experience and sharpen my skills but also to learn from others and give back to my surrounding. I am selected as one of the 160 XL Future Leaders awardees among more than 35.000 participants. It gives me a chance to enhance my soft skills and broaden my networks. Having an opportunity to share my knowledges and experiences align with my personal goal and I would be glad to do so.<br></p>', 'Environmental Geography Undergraduate Student at Universitas Gadjah Mada, 2018', '<span><p dir=\"ltr\">Project Management, Public Relations, Campaigner</p></span>', '<span><p dir=\"ltr\">2021 – Finalist of Program Mahasiswa Wirausaha (PMW) Universitas Gadjah Mada</p><p dir=\"ltr\">2020 – 3rd Winner Business Case Competition Cooperative Week, Koperasi Mahasiswa FIB Universitas Indonesia</p><p dir=\"ltr\">2020 – Top 10 Business Case Competition Festival Karakter, Universitas Gadjah Mada</p><p dir=\"ltr\">2020 –&nbsp; XL Axiata Future Leaders Batch 9 Awardees</p><p dir=\"ltr\">2019 – Best Summer Project AIESEC in Universitas Gadjah Mada</p></span>', 'https://calendly.com/andriapuspa/mentoring-session', NULL, NULL, '2022-01-12 03:11:03', '2022-01-12 03:41:18'),
(1015, 'Jem Angkasa', 'jem.angkasaw@gmail.com', '2022-03-08 13:01:50', '$2a$04$b5RwYT9.D6WxWZrCc/CAMOJ/EK.8kbsa12o.3LU7HoD3Ydpq4i2TC', NULL, '12', NULL, NULL, NULL, 'Halo saya Jem', NULL, NULL, NULL, NULL, 'https://calendly.com/quarterlifeprojects/diva-arini', NULL, NULL, NULL, '2022-03-13 06:58:46'),
(1016, 'Setiyoningsih', 'setiyo.ningsih14@gmail.com', NULL, '$2y$10$VmTC9XULhGy1qEnraZlO9OAlJ30wOd0YkUthq2GiMIBoFFsCGOuSq', NULL, '1', NULL, 1, NULL, NULL, NULL, NULL, NULL, NULL, 'https://calendly.com/setiyoningsih/30min', NULL, NULL, '2022-03-13 07:06:57', '2022-03-13 19:52:50');

--
-- Indexes for dumped tables
--

--
-- Indexes for table `categories`
--
ALTER TABLE `categories`
  ADD PRIMARY KEY (`id`);

--
-- Indexes for table `expertises`
--
ALTER TABLE `expertises`
  ADD PRIMARY KEY (`id`),
  ADD KEY `expertises_user_id_foreign` (`user_id`),
  ADD KEY `expertises_category_id_foreign` (`category_id`);

--
-- Indexes for table `failed_jobs`
--
ALTER TABLE `failed_jobs`
  ADD PRIMARY KEY (`id`),
  ADD UNIQUE KEY `failed_jobs_uuid_unique` (`uuid`);

--
-- Indexes for table `faq`
--
ALTER TABLE `faq`
  ADD PRIMARY KEY (`id`);

--
-- Indexes for table `migrations`
--
ALTER TABLE `migrations`
  ADD PRIMARY KEY (`id`);

--
-- Indexes for table `password_resets`
--
ALTER TABLE `password_resets`
  ADD KEY `password_resets_email_index` (`email`);

--
-- Indexes for table `personal_access_tokens`
--
ALTER TABLE `personal_access_tokens`
  ADD PRIMARY KEY (`id`),
  ADD UNIQUE KEY `personal_access_tokens_token_unique` (`token`),
  ADD KEY `personal_access_tokens_tokenable_type_tokenable_id_index` (`tokenable_type`,`tokenable_id`);

--
-- Indexes for table `testimonials`
--
ALTER TABLE `testimonials`
  ADD PRIMARY KEY (`id`);

--
-- Indexes for table `users`
--
ALTER TABLE `users`
  ADD PRIMARY KEY (`id`),
  ADD UNIQUE KEY `users_email_unique` (`email`);

--
-- AUTO_INCREMENT for dumped tables
--

--
-- AUTO_INCREMENT for table `categories`
--
ALTER TABLE `categories`
  MODIFY `id` bigint(20) UNSIGNED NOT NULL AUTO_INCREMENT, AUTO_INCREMENT=20;

--
-- AUTO_INCREMENT for table `expertises`
--
ALTER TABLE `expertises`
  MODIFY `id` bigint(20) UNSIGNED NOT NULL AUTO_INCREMENT, AUTO_INCREMENT=1290;

--
-- AUTO_INCREMENT for table `failed_jobs`
--
ALTER TABLE `failed_jobs`
  MODIFY `id` bigint(20) UNSIGNED NOT NULL AUTO_INCREMENT;

--
-- AUTO_INCREMENT for table `faq`
--
ALTER TABLE `faq`
  MODIFY `id` int(20) NOT NULL AUTO_INCREMENT;

--
-- AUTO_INCREMENT for table `migrations`
--
ALTER TABLE `migrations`
  MODIFY `id` int(10) UNSIGNED NOT NULL AUTO_INCREMENT, AUTO_INCREMENT=13;

--
-- AUTO_INCREMENT for table `personal_access_tokens`
--
ALTER TABLE `personal_access_tokens`
  MODIFY `id` bigint(20) UNSIGNED NOT NULL AUTO_INCREMENT;

--
-- AUTO_INCREMENT for table `testimonials`
--
ALTER TABLE `testimonials`
  MODIFY `id` bigint(20) NOT NULL AUTO_INCREMENT, AUTO_INCREMENT=53;

--
-- AUTO_INCREMENT for table `users`
--
ALTER TABLE `users`
  MODIFY `id` bigint(20) UNSIGNED NOT NULL AUTO_INCREMENT, AUTO_INCREMENT=1017;

--
-- Constraints for dumped tables
--

--
-- Constraints for table `expertises`
--
ALTER TABLE `expertises`
  ADD CONSTRAINT `expertises_category_id_foreign` FOREIGN KEY (`category_id`) REFERENCES `categories` (`id`) ON DELETE CASCADE,
  ADD CONSTRAINT `expertises_user_id_foreign` FOREIGN KEY (`user_id`) REFERENCES `users` (`id`) ON DELETE CASCADE;
COMMIT;

/*!40101 SET CHARACTER_SET_CLIENT=@OLD_CHARACTER_SET_CLIENT */;
/*!40101 SET CHARACTER_SET_RESULTS=@OLD_CHARACTER_SET_RESULTS */;
/*!40101 SET COLLATION_CONNECTION=@OLD_COLLATION_CONNECTION */;
